rank,company_name,tier_type,turnover_band,approx_turnover_cr,approx_turnover_usd_m,employee_count,revenue_per_employee_cr,revenue_per_employee_usd_m,industry_category,deals_in,city,state,year_established,is_star_exporter,iec_code,gst_number,cin,website,registered_address,business_model_summary
1,ARVA AGRO TRADING PRIVATE LIMITED,Tier A: Micro Cash-Machine (1-10 Staff),251 - 500 Cr,375.0,450.0,1-10,37.5,45.0,Agricultural or Allied Products,Goods,Rangareddy,Telangana,2022,False,AAXCA0809P,36AAXCA0809P1Z0,,https://arvaagro.com/,"Flat no. 402, A block, Vasavi shanthinikethan, Kondapur, Hyderabad, RANGAREDDY, TELANGANA, 500084",High-volume merchant export trading desk
2,NALINI JEWELLERS,Tier A: Micro Cash-Machine (1-10 Staff),101-250 Cr,175.0,210.0,1-10,17.5,21.0,Gems and Jewellery Products,Goods,Central Delhi,Delhi,1986,False,0588057541,07AAEFN2292D1ZH,,,"16-2646/49 BANK STREET, KAROL BAGH, NEW DELHI, CENTRAL DELHI, DELHI, 110005",High-volume merchant export trading desk
3,INTER GLOBE SERVICES,Tier A: Micro Cash-Machine (1-10 Staff),101-250 Cr,175.0,210.0,1-10,17.5,21.0,Textile & Apparel Products,Goods,Mumbai Suburban,Maharashtra,1974,False,0388000856,27AAAFI0544H1ZP,,,"124 VIRAJ, 2ND FLOOR, S. V. ROAD, KHAR WEST, MUMBAI, MUMBAI SUBURBAN, MAHARASHTRA, 400052",High-volume merchant export trading desk
4,M A TEXTILES PRIVATE LIMITED,Tier A: Micro Cash-Machine (1-10 Staff),101-250 Crores,175.0,210.0,1-10,17.5,21.0,Textile & Apparel Products,Goods,Mumbai,Maharashtra,1988,False,0316956228,27AAACM9949H1Z0,,https://www.shreeramtextiles.com,"28 RAMESH BHAVAN 89 TAMBAKANTA PYDHONIE, 28 RAMESH BHAVAN 89 TAMBAKANTA PYDHONIE",High-volume merchant export trading desk
5,SEEDS & GRAINS INDIA PRIVATE LIMITED,Tier B: Lean Scale Powerhouse (11-50 Staff),251-500 Crores,375.0,450.0,11-50,7.5,9.0,Others (Goods),Goods,Karim Ganj,Assam,2002,False,0504015923,18AAICS0473L2ZY,,https://www.seeds-grains.com,"EAST MARKET, P.O, KARIM GANJ BAZAR",High-volume merchant export trading desk
6,UNIVERSAL IMPORT EXPORT AND HOSPITALITY PRIVATE LIMITED,Tier B: Lean Scale Powerhouse (11-50 Staff),251 - 500 Cr,375.0,450.0,11-50,7.5,9.0,Miscellaneous Products,Both goods and services,Mumbai Suburban,Maharashtra,1984,False,AAACU0664M,27AAACU0664M2Z2,,https://www.universalgroup.co,"HOTEL AIR LINK, 75 OFF NEHRU ROAD, Contact No: 919820700012, VILE PARLE EAST, MUMBAI SUBURBAN, MAHARASHTRA, 400099",High-volume merchant export trading desk
7,KANIN COMMERCE PRIVATE LIMITED,Tier A: Micro Cash-Machine (1-10 Staff),26 - 100 Cr,63.0,75.6,1-10,6.3,7.56,Textile & Apparel Products,Goods,East Delhi,Delhi,2019,True,AAHCK4444Q,07AAHCK4444Q1ZY,U31909DL2019PTC344280,https://www.kaninoriginals.com,"519/1/6 2ND FLOOR SANSAR COMPOUND, NEAR MANSAROVAR PARK METRO STATION GRAND TRUNK ROAD DILSHAD GARDEN, Delhi, EAST DELHI, DELHI, 110095","Kanin Commerce Pvt. Ltd. is a leading Indian garment manufacturer and exporter specializing in premium-quality apparel for global markets. Recognized by the Government of India as a Star Export House, we are committed to delivering excellence in qual"
8,KOURA FINE DIAMOND JEWELRY LIMITED,Tier A: Micro Cash-Machine (1-10 Staff),26 - 100 Cr,63.0,75.6,1-10,6.3,7.56,Gems and Jewellery Products,Both goods and services,Ahmadabad,Gujarat,2022,False,AAJCK4106H,24AAJCK4106H1ZS,U36999GJ2022PLC130379,https://kourajewelry.com,"BEHIND STAR INDIA BAZAR, 304 ISCON EMPORIO, JODHPUR CROSS ROAD, SATELITE, AHMEDABAD, AHMEDABAD, AHMADABAD, GUJARAT, 380015","Koura Fine Diamond Jewelry Limited is an Indian jewelry Company Engaged in the design, manufacturing and sale of Gold and Diamond Jewelry. Established in 2022 and headquartered in Ahmedabad, Gujarat, the company specializes in Rings, Earrings, Pendan"
9,ANNAPURNA JEWELLERS,Tier A: Micro Cash-Machine (1-10 Staff),26-100 Crores,63.0,75.6,1-10,6.3,7.56,Gems and Jewellery Products,Goods,Ongole,Andhra Pradesh,2007,False,AAOFA2146H,37AAOFA2146H1ZG,,https://sites.google.com/view/annapurna-jewellers/home,GROUND FLOOR 28-1-122,"Annapurna Jewellers — Company Profile Established in 2007, Annapurna Jewellers is an established jewellery business engaged in the wholesale and retail trade of precious-metal jewellery, with a growing focus on international business. Over the years,"
10,DHARA COLOURCHEM PRIVATE LIMITED,Tier A: Micro Cash-Machine (1-10 Staff),26-100 Crores,63.0,75.6,1-10,6.3,7.56,Chemicals or Allied Products,Both goods and services,Vatva,Gujarat,2020,False,AAICD0050C,24AAICD0050C1ZF,U24100GJ2020PTC116657,https://www.dharacolourchem.com,"PLOT NO: 146/2, PHASE I, OPP. OLD MP UDHYOG, GIDC","We are an Indian manufacturer and exporter of nutraceutical supplements and pregnancy test kits. We offer third-party manufacturing (private labeling) and also supply products under our own brand, FEASY.  Our product range includes tablets, capsules,"
11,UPGRIT TECHNOLOGIES PRIVATE LIMITED,Tier A: Micro Cash-Machine (1-10 Staff),26 - 100 Cr,63.0,75.6,1-10,6.3,7.56,Textile & Apparel Products,Goods,Mumbai Ift Mumbai,Maharashtra,2021,True,AACCU8932C,27AACCU8932C1ZB,U72900MH2021PTC365465,https://www.xcmart.co,"904 9TH FLOOR, GOLD CREST BUSINESS PARK, L.B.S MARG, SHREYAS CINEMA ROAD MUMBAI SUBURBAN, MUMBAI IFT MUMBAI, MAHARASHTRA, 400086","We are a Cloud factory for Bed & Bath Linen for Hospitality and Home Textiles. Enroute to resolving Trust, Transparency and Quality for Bed & Bath linen across the globe. Our vision is to pioneer a circular economy for Bed & Bath linen by providing p"
12,CUPID POWER PRIVATE LIMITED,Tier A: Micro Cash-Machine (1-10 Staff),26-100 Crores,63.0,75.6,1-10,6.3,7.56,Agricultural or Allied Products,Goods,Shimlaguri,Assam,2008,False,AADCC2970K,18AADCC2970K2ZF,U45203WB2008PTC123514,,"Shri Hari Industries, Jakhlirpar, Shimlaguri, Baksa, Near Biswakarma Motor Works",High-volume merchant export trading desk
13,KISHAN CORPORATION,Tier A: Micro Cash-Machine (1-10 Staff),26 - 100 Cr,63.0,75.6,1-10,6.3,7.56,Wholesale Trade Services,Both goods and services,Thangadh,Gujarat,2018,False,AATFK2264R,24AATFK2264R1ZK,,https://www.arvispackaging.com,"STATION ROAD, THANGADH, THANGADH, SURENDRA NAGAR, GUJARAT, 363530",High-volume merchant export trading desk
14,MAHALAXMI DALL MILL,Tier A: Micro Cash-Machine (1-10 Staff),26 - 100 Cr,63.0,75.6,1-10,6.3,7.56,Food Products,Goods,.,Uttar Pradesh,1986,False,0607006757,09AAUPK8236C1ZD,,https://www.sesameseeds.co.in,"2520345.2691359.9415039565. KANPUR UP, KANPUR NAGAR., UTTAR PRADESH. 208003, ElTRah onT 7TH /",High-volume merchant export trading desk
15,NEOTEX POLYMER & PACKAGING PRIVATE LIMITED,Tier A: Micro Cash-Machine (1-10 Staff),26 - 100 Cr,63.0,75.6,1-10,6.3,7.56,Plastic and Allied Products,Goods,Gandhinagar,Gujarat,2010,False,0811000206,24AADCN4404F1ZY,U51100GJ2010PTC062841,,"PLOT NO. SECTOR 8, Contact No: 079-",High-volume merchant export trading desk
16,NIDO ATLANTIC PRIVATE LIMITED,Tier A: Micro Cash-Machine (1-10 Staff),26-100 Crores,63.0,75.6,1-10,6.3,7.56,Agricultural or Allied Products,Goods,Angamaly,Kerala,2020,False,AAHCN1950A,32AAHCN1950A1Z2,U51909KL2020PTC064738,,"24/70/20, 2nd Floor, CVR Trade Center, Aluva Road","Nido Atlantic Private Limited is a premier Indian agricultural commodity trading and supply house. We specialize in the sourcing, processing coordination, and bulk distribution of essential agricultural raw materials and feed ingredients.  As trusted"
17,BROAD STEEL INDUSTRIES LLP,Tier A: Micro Cash-Machine (1-10 Staff),26-100 Crores,63.0,75.6,1-10,6.3,7.56,Engineering Products,Goods,Thane,Maharashtra,2019,False,AAVFB3358B,27AAVFB3358B1ZD,AAQ-4001,https://www.broadsteels.com,"OFFICE NO - 924 & 925 9TH FLOOR, GROHITAM BUILDING, PLOT-14-B, SECTOR-19, VASHI Contact No: 919833191899, NAVI MUMBAI",High-volume merchant export trading desk
18,DRS EXIM,Tier A: Micro Cash-Machine (1-10 Staff),26-100 Crores,63.0,75.6,1-10,6.3,7.56,Food Products,Goods,Workflo Hitex Bizness Square,Telangana,2025,False,FCKPR0018C,36FCKPR0018C1ZU,,https://www.drsexim.com/,"1-98/3/5/23, Jubilee Enclave, SYNO 66&67","DRS EXIM is a trusted suppliers and exporters based in India, specializing in Turmeric Powdermen Oil Bagasse's products, Neem Oil, rice, jaggery (unrefined sugar), coconuts, Fruits and other agricultural products. Since our establishment, we have bee"
19,SAHYOG TRADERS,Tier A: Micro Cash-Machine (1-10 Staff),26-100 Crores,63.0,75.6,1-10,6.3,7.56,Agricultural or Allied Products,Goods,Thane,Maharashtra,1989,False,0396015689,27AABPK3639E1ZX,,https://www.sahyogtraders.com,"NAVI MUMBAI, THANE, MAHARASHTRA, 400705",High-volume merchant export trading desk
20,SANJEEVANI TRADERS,Tier A: Micro Cash-Machine (1-10 Staff),26-100 Crores,63.0,75.6,1-10,6.3,7.56,Agricultural or Allied Products,Both goods and services,Maldah,West Bengal,2010,False,0217506526,19ACNPA6910A2ZZ,,,"641/345/272, STATION ROAD, S.M.PALLY, P.O. SARBAMANGALA PALLY, P.S. ENGLISH BAZAR, MALDA, MALDAH, WEST BENGAL, 732101",High-volume merchant export trading desk
21,MJR SILVER PRIVATE LIMITED,Tier A: Micro Cash-Machine (1-10 Staff),26 - 100 Cr,63.0,75.6,1-10,6.3,7.56,Gems and Jewellery Products,Goods,Bengaluru Urban,Karnataka,2020,False,AANCM4601P,29AARCM0261B1ZK,,,"NO 107 CT Street, Bangalore, BENGALURU URBAN, KARNATAKA, 560002 GFT",High-volume merchant export trading desk
22,PERENNIAL HEALTHCARE,Tier A: Micro Cash-Machine (1-10 Staff),26 - 100 Cr,63.0,75.6,1-10,6.3,7.56,Agricultural or Allied Products,Goods,Jodhpur,Rajasthan,2022,False,ABBFP4769M,08ABBFP4769M1ZL,,https://www.perennialhealthcare.in,"66, PRAVEEN TRACTOR ASSOCIATION, ROOPRAJAT SAROVARNAGAR, PAL ROAD, JODHPUR, JODHPUR, RAJASTHAN, 342008",High-volume merchant export trading desk
23,LEELAPRASAD INTERNATIONAL PRIVATE LIMITED,Tier A: Micro Cash-Machine (1-10 Staff),26 - 100 Cr,63.0,75.6,1-10,6.3,7.56,Agricultural or Allied Products,Goods,Tumakuru,Karnataka,2024,False,AAGCL0360H,29AAGCL0360H1ZK,U10792KA2024PTC194915,,"2nd floor, E khata no 31-503-20, SRS nilaya behind keb office kunigal town, kunigal, TUMAKURU, KARNATAKA, 572130",High-volume merchant export trading desk
24,COLORANTS CHEM PRIVATE LIMITED,Tier A: Micro Cash-Machine (1-10 Staff),26-100 Crores,63.0,75.6,1-10,6.3,7.56,Chemicals or Allied Products,Goods,Vasai (e),Maharashtra,2012,False,0312057156,27AAFCC0233R1ZH,U24233MH2012PTC236284,https://www.colorantsgroup.com,"107, KAHAN PRERANA INSIDE RAJPRABHA, INDL. ESTATE, GOLANI COMPLEX, WALIV",High-volume merchant export trading desk
25,MAHAVIR IMPEX,Tier A: Micro Cash-Machine (1-10 Staff),26-100 Crores,63.0,75.6,1-10,6.3,7.56,Plastic and Allied Products,Goods,Mulji Jetha Market,Maharashtra,2001,False,0301063133,27AAGFM5797A1Z4,,,"668, MADHAVRAI GALLI",High-volume merchant export trading desk
26,CHIKOFF TRADING PRIVATE LIMITED,Tier A: Micro Cash-Machine (1-10 Staff),26 - 100 Cr,63.0,75.6,1-10,6.3,7.56,Food Products,Both goods and services,Kolkata,West Bengal,2019,False,AAHCC9436A,19AAHCC9436A1ZO,U51909WB2019PTC229643,,"5A, EARLE STREET, GROUND FLOOR, KOLKATA, KOLKATA, WEST BENGAL, 700026","The company is into the trading of commodities such as Green Coffee beans (Comercial grades as well as speciality grades)in bulk, We also trade in instant coffees (Spray dried, Agglomerated, freeze dried), Coffee/Chicory mixed drinks, instant Chicory"
27,GURU TEXTILES,Tier A: Micro Cash-Machine (1-10 Staff),26 - 100 Cr,63.0,75.6,1-10,6.3,7.56,Others (Goods),Goods,Gurugram,Haryana,2001,False,0511045654,06AEFPG3526C2Z2,,https://munish@gurutextiles.com,"35 UP, SECTOR-40, Gurgaon, GURUGRAM, HARYANA, 122003",High-volume merchant export trading desk
28,BHARAT INTERNATIONAL PRIVATE LIMITED,Tier B: Lean Scale Powerhouse (11-50 Staff),101-250 Cr,175.0,210.0,11-50,3.5,4.2,Food Products,Goods,Delhi,Delhi,1994,True,0514055375,07AAACB8002G2Z4,,https://biplexports.com,"Kh no 33/9 & 33/12, Main Bawana Road, Samaipur, (Opp Rohini Sector 16), DELHI, NORTH WEST DELHI, 110042","Bharat International Private Limited is a leading manufacturer and exporter of a diverse range of cooking oils, rice, flour, and spices from India. We are part of a distinguished group with over 60 years of industry experience and a production capaci"
29,Supreme Tech,Tier B: Lean Scale Powerhouse (11-50 Staff),101-250 Crores,175.0,210.0,11-50,3.5,4.2,Others (Goods),Goods,Pushpanjali Enclave,Delhi,2022,False,0512059632,07AHEPG2793D2ZI,,,"B-96, 4rd Floor, Pitampura","We are contract manufacturers with 30+ years of experience dealing in products ranging across the advertising, signage, outdoor, and textile industries. With decades-long experience and expertise, we make sure to deliver consistent quality, competiti"
30,KETAN BROTHERS DIAMONDZ EXPORTS,Tier B: Lean Scale Powerhouse (11-50 Staff),101-250 Cr,175.0,210.0,11-50,3.5,4.2,Gems and Jewellery Products,Goods,Mumbai Suburban,Maharashtra,1981,True,0388013273,27AAAFK0929N1Z5,,https://www.ketanbrothers.com,"BC 5010A, ENTRANCE FROM, B-TOWER, WEST CORE, BHARAT DIAMOND BOURSE, BANDRA KURLA COMPLEX, BANDRA EAST, MUMBAI, MUMBAI SUBURBAN, MAHARASHTRA, 400051","Trading in High Quality Cut and Polished Diamonds with Precision, Building long term global relationship, ensuring customer satisfaction and timely delivery, Driving sustainable growth through innovation and market expertise."
31,RAJ INTERNATIONAL,Tier B: Lean Scale Powerhouse (11-50 Staff),101-250 Cr,175.0,210.0,11-50,3.5,4.2,Food Products,Goods,Banas Kantha,Gujarat,2018,True,AAXFR3297B,24AAXFR3297B1ZV,,https://www.rajmasala.com,"10 GIDC, RAILWAY STATION ROAD, DEESA, BANAS KANTHA, GUJARAT, 385535",We Raj International have a great pleasure to take an opportunity to introduce ourselves as one of the leading manufacture and exporter of Indian Spices in India. We take pride in being part of a large conglomerate having an interest in varied busine
32,SHREE GOVINDAM PRIMEFOOD PRIVATE LIMITED,Tier B: Lean Scale Powerhouse (11-50 Staff),101-250 Crores,175.0,210.0,11-50,3.5,4.2,Food Products,Goods,Ganganagar,Rajasthan,2008,False,1308016964,08AALCS9788D1ZM,,,"230, NAI DHAN MANDI, 01522-260155, SRIGANGANAGAR, GANGANAGAR, RAJASTHAN, 335001",High-volume merchant export trading desk
33,PVC CONVERTERS INDIA PRIVATE LIMITED,Tier B: Lean Scale Powerhouse (11-50 Staff),101-250 Crores,175.0,210.0,11-50,3.5,4.2,Plastic and Allied Products,Goods,Parel,Maharashtra,2000,False,0301027706,27AACCP0941L3ZA,129988,https://www.pvcconverters.in,"7-B, TRUST HOUSE, 7TH FLR.35, HOSPITAL, AVENUE, DR.E.BORGES ROAD, PAREL, Contact No: 919819685532",We would like to introduce PVC CONVERTERS (I) PVT LTD as one of the largest manufacturers & exporters of flexible PVC films & sheets in INDIA.  A brief of our company and its products is as follows:  We process about 2000 tonnes of PVC film on four c
34,ISHAN CHANDI AGRO INDUSTRIES PRIVATE LIMITED,Tier B: Lean Scale Powerhouse (11-50 Staff),101-250 Crores,175.0,210.0,11-50,3.5,4.2,Food Products,Goods,Burdwan,West Bengal,2018,False,AAECI7039Q,19AAECI7039Q1ZT,,https://www.subhamrice.com,"VILL-KULGORIA, P.O. SANKO, P.S. GALSI, DIST. PURBA BARDHAMAN",High-volume merchant export trading desk
35,SHREE JI STEEL PRIVATE LIMITED,Tier B: Lean Scale Powerhouse (11-50 Staff),101-250 Crores,175.0,210.0,11-50,3.5,4.2,Metal & Articles of Metal,Goods,Kolkata,West Bengal,2021,False,ABHCS5703P,19ABHCS5703P1ZP,U51909WB2021PTC250567,https://www.shreejisteelcorp.com,"J-1/12, BLOCK EP & GP, 3RD FLOOR, SECTOR-V, SALTLAKE","About Shree Ji Steel Private Limited Who We Are Shree Ji Steel Private Limited (formerly Shree Ji Steel Corporation) is a leading Indian steel exporter, trader, and supply chain partner with a rich family legacy spanning over 75 years and four genera"
36,TRISTAR INTERNATIONAL,Tier B: Lean Scale Powerhouse (11-50 Staff),101-250 Cr,175.0,210.0,11-50,3.5,4.2,"Automobiles, Aircrafts and Other Transport Equipment",Goods,Mumbai,Maharashtra,1999,False,0399030573,27AABFT7393L1ZJ,,https://www.tristarsprings.com,"UNIT-1, BOMBAY CO.OP.INDUSTRIAL EST., NARAYAN NAGAR, N.S.S.ROAD, GHATKOPAR- No:25163180, 25161334, MUMBAI, MAHARASHTRA, 400086",High-volume merchant export trading desk
37,AMTRADE,Tier B: Lean Scale Powerhouse (11-50 Staff),101-250 Cr,175.0,210.0,11-50,3.5,4.2,Others (Goods),Both goods and services,Mumbai,Maharashtra,2004,False,0303079894,27AAJFA7407L1Z7,,,"203, MAGANLAL CHAMBERS, B.B CARNAC BUNDER, MASJID EAST, 02223481370/02223483333, MUMBAI, MAHARASHTRA., MAHARASHTRA, 400009",High-volume merchant export trading desk
38,INOX IMPORTERS,Tier B: Lean Scale Powerhouse (11-50 Staff),101-250 Cr,175.0,210.0,11-50,3.5,4.2,Engineering Products,Goods,Mumbai,Maharashtra,2010,False,0310044952,27ALLPB5055G1Z7,,https://inoximporters.com/,"SHOP NO 6, 28 42 SHRI GANESH DARSHAN, SANT SENA MAHARAJ MARG, MUMBAI, MUMBAI, MAHARASHTRA, 400004",High-volume merchant export trading desk
39,POPATLAL NATHALAL SHAH,Tier B: Lean Scale Powerhouse (11-50 Staff),101-250 Cr,175.0,210.0,11-50,3.5,4.2,Gems and Jewellery Products,Goods,Mumbai Suburban,Maharashtra,1988,False,0388052635,27AAAFP0468K1Z4,,https://www.pndiamonds.com/,"GW-7022, 7TH FLOOR, BHARAT DIAMOND BOURSE, BANDRA KURLA COMPLEX, BANDRA EAST, MUMBAI, MUMBAI SUBURBAN, MAHARASHTRA, 400051",High-volume merchant export trading desk
40,NICE DIAMONDS INDIA) PRIVATE LIMITED,Tier B: Lean Scale Powerhouse (11-50 Staff),101-250 Cr,175.0,210.0,11-50,3.5,4.2,Gems and Jewellery Products,Goods,Mumbai,Maharashtra,2006,False,0308011678,27AACCN3311Q1ZA,,https://www.nicediamonds.in,"235/237 4th Floor Venkatesh Bhawan, Kalbadevi Road, MUMBAI, MUMBAI, MAHARASHTRA, 400002","Nice Diamonds (I) Pvt. Ltd. is a manufacturer, wholesaler and stockist of diamond jewellery in Mumbai with one of the widest collection across all categories. Incorporated in 2006, as a wholesaler in Zaveri Bazar, we started our own manufacturing uni"
