tier_label,approx_cr,turnover_band,company_name,industry_category,deal_in,is_star,employees,city,iec_code,gst_number,cin,website,year_established,total_products,catalog_listed
Tier 1: Mega Enterprise (> ₹500 Cr / > $60M+ USD),500.0,Above 500+ Cr,Star Wire India Ltd,Metal & Articles of Metal,Goods,True,1000+,New,0288008901,06AAECS1124Q1Z8,,https://www.starwire.in,1981,0,0
Tier 1: Mega Enterprise (> ₹500 Cr / > $60M+ USD),500.0,Above 500+ Crores,METALMAN AUTO LIMITED,Metal & Articles of Metal,Goods,False,1000+,New Delhi,3003001965,07AABCM5441M3Z9,U34103DL1986PLC305213,https://www.metalmanauto.com,1986,22,0
Tier 1: Mega Enterprise (> ₹500 Cr / > $60M+ USD),500.0,Above 500+ Crores,KAJARIA CERAMICS LIMITED,Chemicals or Allied Products,Goods,False,1000+,Delhi,0588085243,07AABCK1613R2ZC,7595 of 1985,https://www.kajariaceramics.com/,1985,1,0
Tier 1: Mega Enterprise (> ₹500 Cr / > $60M+ USD),500.0,Above 500+ Crores,HAVELLS INDIA LIMITED,Electronic Products,Goods,False,1000+,Delhi,0588160385,07AAACH0351E1Z7,,https://www.havells.com,1983,0,0
Tier 1: Mega Enterprise (> ₹500 Cr / > $60M+ USD),500.0,Above 500+ Cr,S.A.N. GARMENT MANUFACTURING PRIVATE LIMITED,Textile & Apparel Products,Goods,False,1000+,New Delhi,0599003197,06AAKCS4358L1ZU,U17121DL2006PTC153929,https://www.sanglobalfashion.com,2006,0,0
Tier 1: Mega Enterprise (> ₹500 Cr / > $60M+ USD),500.0,Above 500+ Crores,MODELAMA EXPORTS PVT LTD.,Textile & Apparel Products,Goods,False,1000+,Okhla Industrial Area,0500073082,06AAACM4832B1Z0,U74899DL1995PTC071844,,1995,0,0
Tier 1: Mega Enterprise (> ₹500 Cr / > $60M+ USD),500.0,Above 500+ Cr,SHRIRAM PISTONS AND RINGS LIMITED,Engineering Products,Goods,False,1000+,Central Delhi,0588082554,07AAACS0229G1ZR,,https://shrirampistons.com/,1972,0,0
Tier 1: Mega Enterprise (> ₹500 Cr / > $60M+ USD),500.0,Above 500+ Cr,JBM ELECTRIC VEHICLES PRIVATE LIMITED DOFT,"Automobiles, Aircrafts and Other Transport Equipment",Both goods and services,False,500-1000,New,AAECJ8030E,06AAECJ8030E1ZV,U34100DL2020PTC363195,https://www.jbmgroup.com/,2020,5,0
Tier 1: Mega Enterprise (> ₹500 Cr / > $60M+ USD),500.0,Above 500+ Cr,JRG AUTOMOTIVE INDUSTRIES INDIA PRIVATE LIMITED,Plastic and Allied Products,Goods,False,500-1000,Delhi,0512076391,06AASCS3288F1ZW,U35990DL2012PTC245065,https://jrgindia.com,2012,4,0
Tier 1: Mega Enterprise (> ₹500 Cr / > $60M+ USD),500.0,Above 500+ Crores,HUGHES SYSTIQUE PRIVATE LIMITED,Information Technology (IT & ITES) Services,Both goods and services,False,500-1000,Westend Greens,0505077744,06AACCB6600N2ZP,U72200DL2005PTC139005,https://www.hsc.com/,2005,0,0
Tier 1: Mega Enterprise (> ₹500 Cr / > $60M+ USD),500.0,Above 500+ Crores,CONNEDIT BUSINESS SOLUTIONS PRIVATE LIMITED,Food Products,Goods,False,250-500,Central Delhi,AAHCC0850A,23AAHCC0850A1ZF,U74999DL2017PTC320255,,2017,12,0
Tier 1: Mega Enterprise (> ₹500 Cr / > $60M+ USD),500.0,Above 500+ Crores,SARITA HANDA EXPORTS PRIVATE LIMITED,Textile & Apparel Products,Goods,False,250-500,Defence Colony,0501036636,06AAACS2679A1ZN,55-51842,https://www.saritahandaexports.com,1993,1,0
Tier 1: Mega Enterprise (> ₹500 Cr / > $60M+ USD),500.0,Above 500+ Cr,ARSENAL INFOSOLUTIONS PRIVATE LIMITED FT,Information Technology (IT & ITES) Services,Both goods and services,False,51-100,Central Delhi,AAPCA3584M,07AAPCA3584M1Z1,U74999DL2017PTC314926,,2017,0,0
Tier 2: Large Enterprise (₹250 Cr – ₹500 Cr / $30M–$60M USD),375.0,101-250 Cr,BHARAT INTERNATIONAL PRIVATE LIMITED,Food Products,Goods,True,11-50,Delhi,0514055375,07AAACB8002G2Z4,,https://biplexports.com,1994,0,0
Tier 2: Large Enterprise (₹250 Cr – ₹500 Cr / $30M–$60M USD),375.0,101-250 Cr,ALPINE APPARELS PRIVATE LIMITED,Leather Products,Goods,False,1000+,South Delhi,0588032522,06AADCA0100D1ZS,,https://www.alpineapparels.com,1995,0,0
Tier 2: Large Enterprise (₹250 Cr – ₹500 Cr / $30M–$60M USD),375.0,251 - 500 Cr,ALLIED NIPPON PRIVATE LIMITED,"Automobiles, Aircrafts and Other Transport Equipment",Goods,False,1000+,South Delhi,0599047739,09AAACA0494M1ZH,U34300DL1988PTC030910,https://www.alliednippon.com,1988,0,0
Tier 2: Large Enterprise (₹250 Cr – ₹500 Cr / $30M–$60M USD),375.0,251-500 Crores,OGFI,"Automobiles, Aircrafts and Other Transport Equipment",Goods,False,1000+,Gft,0588155896,06AAACA2359P1ZH,,https://www.autofitltd.com,2003,0,0
Tier 2: Large Enterprise (₹250 Cr – ₹500 Cr / $30M–$60M USD),375.0,251 - 500 Cr,ARJAN IMPEX PRIVATE LIMITED,Others (Goods),Goods,False,1000+,North West Delhi,0596049510,06AABCA1394D1Z4,U51909DL1996PTC082945,https://www.arjanimpex.com,1996,0,0
Tier 2: Large Enterprise (₹250 Cr – ₹500 Cr / $30M–$60M USD),375.0,101-250 Cr,DEKI,Electronic Products,Goods,False,500-1000,New Delhi New Delhi,0588118320,09AAACD1165A1Z9,,https://www.dekielectronics.com/,1981,3,0
Tier 2: Large Enterprise (₹250 Cr – ₹500 Cr / $30M–$60M USD),375.0,101-250 Cr,MERCURY FABRICS PRIVATE LIMITED,Textile & Apparel Products,Goods,False,500-1000,South Delhi,0503078140,07AAECM7148J2Z5,U17119DL2006PTC150974,,2006,0,0
Tier 2: Large Enterprise (₹250 Cr – ₹500 Cr / $30M–$60M USD),375.0,101-250 Crores,RISHI SEALS PRIVATE LIMITED,Engineering Products,Goods,False,500-1000,Anand Parbat Industrial Area,0509093400,08AACCR2425B1ZW,,https://www.rishiseals.com,1985,0,0
Tier 2: Large Enterprise (₹250 Cr – ₹500 Cr / $30M–$60M USD),375.0,251-500 Crores,HINDUSTAN TIN WORKS LIMITED,Engineering Products,Goods,False,500-1000,Jasola,0588001503,06AAACH2597Q2ZZ,3006,,1978,0,0
Tier 2: Large Enterprise (₹250 Cr – ₹500 Cr / $30M–$60M USD),375.0,101-250 Cr,STORK RUBBER PRODUCTS PRIVATE LIMITED,"Automobiles, Aircrafts and Other Transport Equipment",Goods,False,250-500,South Dset. Delhi,0594074258,06AABCS3392M1Z1,,,1994,0,0
Tier 2: Large Enterprise (₹250 Cr – ₹500 Cr / $30M–$60M USD),375.0,101-250 Crores,SAGARI LEATHERS PRIVATE LIMITED,Leather Products,Goods,False,250-500,South Delhi,0588006408,09AAACS6720N1Z0,,https://www.sagarileathers.com,1985,0,0
Tier 2: Large Enterprise (₹250 Cr – ₹500 Cr / $30M–$60M USD),375.0,251-500 Crores,AVANTI OVERSEAS PRIVATE LIMITED,Engineering Products,Goods,False,250-500,Bijwasan,0589014641,06AAACA0314L1Z6,U74899DL1974PTC007073,https://www.avantipets.com,1974,0,0
Tier 2: Large Enterprise (₹250 Cr – ₹500 Cr / $30M–$60M USD),375.0,101-250 Cr,TT LIMITED,Textile & Apparel Products,Goods,False,250-500,West Delhi,0588134724,07AAACT0767A1ZR,,,1978,0,0
Tier 2: Large Enterprise (₹250 Cr – ₹500 Cr / $30M–$60M USD),375.0,101-250 Cr,BODYCARE INTERNATIONAL LIMITED,Textile & Apparel Products,Goods,False,250-500,East Delhi,0500001057,09AABCB2325B1ZC,,https://bodycareapparels.com,1999,0,0
Tier 2: Large Enterprise (₹250 Cr – ₹500 Cr / $30M–$60M USD),375.0,251 - 500 Cr,SURIE POLEX INDUSTRIES LLP,Others (Goods),Goods,False,250-500,South West Delhi,AFOFS6623N,06AFOFS6623N1ZA,ACN-2410,,2025,0,0
Tier 2: Large Enterprise (₹250 Cr – ₹500 Cr / $30M–$60M USD),375.0,101-250 Cr,GREENDOT HEALTH FOODS PRIVATE LIMITED,Food Products,Goods,False,250-500,Newdelhi,0588031330,05AAACS1314G1ZZ,U74899DL1986PTC025910,https://cornitos.com,1986,0,0
Tier 2: Large Enterprise (₹250 Cr – ₹500 Cr / $30M–$60M USD),375.0,101-250 Cr,Aero Plast Ltd,Plastic and Allied Products,Goods,False,250-500,Enclave,0506041433,07AAACA6121H2Z3,U25202DL1995PLC067755,https://www.aeroplastltd.com,1995,0,0
Tier 2: Large Enterprise (₹250 Cr – ₹500 Cr / $30M–$60M USD),375.0,101-250 Crores,Unique Fragrances,Food Products,Goods,False,101-250,Prashant Vihar,0596057741,07AAAFU1982B1ZF,,https://uniquefragrances.com/,1996,1,0
Tier 2: Large Enterprise (₹250 Cr – ₹500 Cr / $30M–$60M USD),375.0,251 - 500 Cr,AMBE AGROFOODS PRIVATE LIMITED,Food Products,Goods,False,101-250,South Delhi,0513042342,09AALCA0287F1ZM,U15311DL2012PTC243344,https://ambegroup.in,2012,1,0
Tier 2: Large Enterprise (₹250 Cr – ₹500 Cr / $30M–$60M USD),375.0,101-250 Cr,MINAR TRAVELS (INDIA) PVT LTD,Tourism and Hospitality Services,Services,False,101-250,Central Delhi,0500072817,07AAACM1267A1Z1,,https://www.minartravels.net,1992,0,0
Tier 2: Large Enterprise (₹250 Cr – ₹500 Cr / $30M–$60M USD),375.0,101-250 Crores,SURYASHAKTI VESSELS PRIVATE LIMITED,Others (Goods),Both goods and services,False,101-250,South Delhi,0501029711,06AACCS2404F1ZW,,https://www.ssvplindia.com,1997,0,0
Tier 2: Large Enterprise (₹250 Cr – ₹500 Cr / $30M–$60M USD),375.0,251 - 500 Cr,J.J.FOODS PRIVATE LIMITED,Food Products,Goods,False,51-100,North West Delhi,0509095551,07AAACJ1618C1Z5,U74899DL1991PTC045589,https://hathibrandfoods.com/,1991,0,0
Tier 2: Large Enterprise (₹250 Cr – ₹500 Cr / $30M–$60M USD),375.0,101-250 Crores,BIZINBIZ TECHNOLOGIES PRIVATE LIMITED,Chemicals or Allied Products,Goods,False,51-100,New Delhi,AAJCB9425C,27AAJCB9425C1ZP,U24290DL2021PTC382855,,2021,0,0
Tier 2: Large Enterprise (₹250 Cr – ₹500 Cr / $30M–$60M USD),375.0,101-250 Crores,Supreme Tech,Others (Goods),Goods,False,11-50,Pushpanjali Enclave,0512059632,07AHEPG2793D2ZI,,,2022,3,0
Tier 2: Large Enterprise (₹250 Cr – ₹500 Cr / $30M–$60M USD),375.0,101-250 Cr,NALINI JEWELLERS,Gems and Jewellery Products,Goods,False,1-10,Central Delhi,0588057541,07AAEFN2292D1ZH,,,1986,0,0
Tier 4: Mid-Market (₹25 Cr – ₹100 Cr / $3M–$12M USD),60.0,25-50 Cr,EXOTIC INDIA ART PRIVATE LIMITED,Handicrafts,Goods,False,101-250,North West Delhi,0513054448,07AADCE1400C1ZJ,U51909DL2012PTC241339,https://www.exoticindia.com/,2012,1429,0
Tier 4: Mid-Market (₹25 Cr – ₹100 Cr / $3M–$12M USD),60.0,26 - 100 Cr,EVELINE INTERNATIONAL,Textile & Apparel Products,Goods,True,1000+,New Delhi South Delhi,0588001791,03AAAFE3412C1ZG,,https://www.eveline.co.in/,1975,0,0
Tier 4: Mid-Market (₹25 Cr – ₹100 Cr / $3M–$12M USD),60.0,26 - 100 Cr,J.J. FABTEX PRIVATE LIMITED,Textile & Apparel Products,Goods,True,250-500,Central Delhi,0506012778,09AABCJ6520G1ZP,U17115DL2006PTC144971,https://jjfabtex.in/,2006,122,0
Tier 4: Mid-Market (₹25 Cr – ₹100 Cr / $3M–$12M USD),60.0,11-25 Cr,MYRA ENTERPRISES PRIVATE LIMITED,Textile & Apparel Products,Goods,True,250-500,South Delhi,0506015858,09AAECM6534A1ZP,U51101DL2006PTC148642,https://www.myra.in,2006,0,0
Tier 4: Mid-Market (₹25 Cr – ₹100 Cr / $3M–$12M USD),60.0,26-100 Crores,SAINTS & SEERS,Textile & Apparel Products,Both goods and services,True,250-500,Central Delhi,0509069614,07AYGPS2012L2ZC,,https://www.saintsandseers.in,2020,0,0
Tier 4: Mid-Market (₹25 Cr – ₹100 Cr / $3M–$12M USD),60.0,11-25 Cr,KANAHIYA OVERSEAS PRIVATE LIMITED,Textile & Apparel Products,Goods,True,101-250,South Delhi,0513071571,09AACCV4458N2ZN,U28910DL2006PTC156893,,2006,3,0
Tier 4: Mid-Market (₹25 Cr – ₹100 Cr / $3M–$12M USD),60.0,26 - 100 Cr,MANGLA HANDLES,Engineering Products,Goods,True,51-100,North West Delhi,0517533642,07ABFFM4812N2ZZ,,https://www.manglahandles.com,2017,7,0
Tier 4: Mid-Market (₹25 Cr – ₹100 Cr / $3M–$12M USD),60.0,11-25 Cr,BRIGHT STAR,Textile & Apparel Products,Goods,True,11-50,South Delhi,0590022989,07AANPS7361K1ZZ,,https://www.brght-star.co.in,1991,0,0
Tier 4: Mid-Market (₹25 Cr – ₹100 Cr / $3M–$12M USD),60.0,26 - 100 Cr,KANIN COMMERCE PRIVATE LIMITED,Textile & Apparel Products,Goods,True,1-10,East Delhi,AAHCK4444Q,07AAHCK4444Q1ZY,U31909DL2019PTC344280,https://www.kaninoriginals.com,2019,1,0
Tier 4: Mid-Market (₹25 Cr – ₹100 Cr / $3M–$12M USD),60.0,50Cr +,MINDA CORPORATION LIMITED,"Automobiles, Aircrafts and Other Transport Equipment",Goods,False,1000+,North West Delhi,0592001334,09AAACM0344C4ZY,,https://sparkminda.com/,1958,2,0
Tier 4: Mid-Market (₹25 Cr – ₹100 Cr / $3M–$12M USD),60.0,50Cr +,TECHNOPLAST PACKAGING PRIVATE LIMITED,Plastic and Allied Products,Goods,False,1000+,West Delhi,AAHCT6508Q,07AAHCT6508Q1ZO,U25209DL2019PTC358654,https://mdpet.in,2019,0,0
Tier 4: Mid-Market (₹25 Cr – ₹100 Cr / $3M–$12M USD),60.0,26 - 100 Cr,SUNLORD APPARELS MANUFACTURING COMPANY PRIVATE LIMITED,Sports Goods,Goods,False,1000+,Delhi,0588049450,09AAACS0955R1ZR,U74899DL1980PTC010106,https://www.sunlord.com,1980,0,0
Tier 4: Mid-Market (₹25 Cr – ₹100 Cr / $3M–$12M USD),60.0,26 - 100 Cr,INDIA FASHION,Textile & Apparel Products,Goods,False,500-1000,South Delhi,0588059421,06AAAFI0478A1ZY,,www.ifashion.co.in,1988,0,0
Tier 4: Mid-Market (₹25 Cr – ₹100 Cr / $3M–$12M USD),60.0,26 - 100 Cr,JAIRAJ ANCILLARIES PRIVATE LIMITED,Plastic and Allied Products,Both goods and services,False,250-500,New,0505062224,06AAACJ1904D1Z8,,https://www.jairajgroup.com/,1994,3,0
Tier 4: Mid-Market (₹25 Cr – ₹100 Cr / $3M–$12M USD),60.0,26-100 Crores,TOY ZONE IMPEX PRIVATE LIMITED,Toys & Sports Goods,Goods,False,250-500,Tagore Garden,0502059079,07AABCT4145M1Z5,U74999DL2001PTC111062,https://www.toyzone.in,2001,0,0
Tier 4: Mid-Market (₹25 Cr – ₹100 Cr / $3M–$12M USD),60.0,26 - 100 Crore,ARCTURUS FOAM INDUSTRIES PRIVATE LIMITED,Others (Services),Services,False,250-500,Mundka Delhi,AAUCA5392G,24AAUCA5392G1ZB,U25209DL2020PTC374700,https://arcturusfoam.com/,2020,0,0
Tier 4: Mid-Market (₹25 Cr – ₹100 Cr / $3M–$12M USD),60.0,26 - 100 Cr,B.JAIN PHARMACEUTICALS PRIVATE LIMITED,Pharmaceutical Products,Goods,False,250-500,Central Delhi,0509041035,08AACCB8057F1ZO,,https://bjainpharma.com,2006,0,0
Tier 4: Mid-Market (₹25 Cr – ₹100 Cr / $3M–$12M USD),60.0,26 - 100 Cr,RIKHIT EXPORTS,Textile & Apparel Products,Goods,False,250-500,South Delhi,0511099142,09AADFI7142L1Z3,,,2012,0,0
Tier 4: Mid-Market (₹25 Cr – ₹100 Cr / $3M–$12M USD),60.0,25-50 Cr,ELEMENTS EXPORTS PRIVATE LIMITED,Leather Products,Goods,False,250-500,Delhi,0501046453,06AAACE8842P1Z5,,https://www.elementsexports.com,2001,0,0
Tier 4: Mid-Market (₹25 Cr – ₹100 Cr / $3M–$12M USD),60.0,26-100 Crores,SPM MEDICARE PRIVATE LIMITED,Medical or Surgical Instruments,Goods,False,250-500,Nehru Place,0514088231,09AAUCS7843L1ZA,U33110DL2014PTC269667,https://spmmedicare.com/,2014,0,0
Tier 4: Mid-Market (₹25 Cr – ₹100 Cr / $3M–$12M USD),60.0,26 - 100 Cr,PEARL APPARELS INC,Textile & Apparel Products,Goods,False,250-500,South Delhi,0514010649,09AAPFP7501G1Z0,,,2014,0,0
Tier 4: Mid-Market (₹25 Cr – ₹100 Cr / $3M–$12M USD),60.0,26-100 Crores,KIWI ENTERPRISES PVT. LTD.,Leather Products,Goods,False,250-500,Delhi,0595048153,06AACCK5336L1ZE,U19201DL2002PTC117783,https://kiwiind.com,2002,0,0
Tier 4: Mid-Market (₹25 Cr – ₹100 Cr / $3M–$12M USD),60.0,26 - 100 Cr,WINTERHEUR LLP,Textile & Apparel Products,Both goods and services,False,250-500,New Delhi,AADFW1554E,07AADFW1554E1ZC,,https://www.winterheur.com,2019,0,0
Tier 4: Mid-Market (₹25 Cr – ₹100 Cr / $3M–$12M USD),60.0,26 - 100 Cr,MEHTA PRINT ARTS PRIVATE LIMITED,Paper and Paperboard & Articles,Goods,False,250-500,Newdelhi,0594061121,06AAACM2065J1ZM,,https://www.mpaworld.com,1988,0,0
Tier 4: Mid-Market (₹25 Cr – ₹100 Cr / $3M–$12M USD),60.0,26-100 Crores,LIBRAL TRADERS PRIVATE LIMITED,Toys & Sports Goods,Goods,False,101-250,South Delhi,0500022992,07AABCL4474F1ZK,,https://www.playboxindia.com/,1994,7,0
Tier 4: Mid-Market (₹25 Cr – ₹100 Cr / $3M–$12M USD),60.0,26 - 100 Cr,SMARTIVITY LABS PRIVATE LIMITED,Others (Goods),Both goods and services,False,101-250,Xift,0515047546,07AAVCS5204J1ZY,U74140DL2015PTC277272,https://www.smartivity.in,2015,7,0
Tier 4: Mid-Market (₹25 Cr – ₹100 Cr / $3M–$12M USD),60.0,11-25 Cr,QUY TECHNOLOGY PRIVATE LIMITED,Information Technology (IT & ITES) Services,Services,False,101-250,Delhi,0516997629,06AAACQ2331F1ZY,U72900DL2010PTC209740,https://www.quytech.com,2010,3,0
Tier 4: Mid-Market (₹25 Cr – ₹100 Cr / $3M–$12M USD),60.0,26 - 100 Cr,SHAILA ANANT,Handicrafts,Both goods and services,False,101-250,East Delhi,0595041451,09ACAPB4675J1ZK,,https://www.shailaanant.com/,2000,2,0
Tier 4: Mid-Market (₹25 Cr – ₹100 Cr / $3M–$12M USD),60.0,26 - 100 Cr,JUMPS AUTO INDUSTRIES LIMITED,Engineering Products,Goods,False,101-250,New Delhi,0500066302,06AAACJ9063D1ZQ,,https://www.jumpsindia.com,1999,1,0
Tier 4: Mid-Market (₹25 Cr – ₹100 Cr / $3M–$12M USD),60.0,26 - 100 Cr,SARA CREATION INC,Textile & Apparel Products,Goods,False,101-250,East Delhi,0503040045,09AAUFS9077M1ZW,,,2002,0,0
Tier 4: Mid-Market (₹25 Cr – ₹100 Cr / $3M–$12M USD),60.0,26 - 100 Cr,MAHARISHI AYURVEDA PRODUCTS PRIVATE LIMITED,Pharmaceutical Products,Both goods and services,False,101-250,South Delhi,4103000023,09AACCM5403A1Z1,,https://maharishiayurvedaindia.com/,1999,0,0
Tier 4: Mid-Market (₹25 Cr – ₹100 Cr / $3M–$12M USD),60.0,11-25 Crores,ALSTEN ENTERPRISES,Others (Goods),Goods,False,101-250,Mangol Puri,0509095461,06AARFA1364Q1ZX,,,2010,0,0
Tier 4: Mid-Market (₹25 Cr – ₹100 Cr / $3M–$12M USD),60.0,26 - 100 Cr,REVIVE INDIA EXPORTS,Leather Products,Goods,False,101-250,South Delhi,0505002191,09AAUFR9539D1ZH,,https://www.reviveindiaexports.com/,2005,0,0
Tier 4: Mid-Market (₹25 Cr – ₹100 Cr / $3M–$12M USD),60.0,26-100 Crores,SUGANDH TEA PRIVATE LIMITED,Food Products,Goods,False,101-250,Samaypur,0595000045,07AABCS0830J1ZK,U74899DL1994PTC059043,https://www.sugandhtea.com,1994,0,0
Tier 4: Mid-Market (₹25 Cr – ₹100 Cr / $3M–$12M USD),60.0,11-25 Crores,PARADIGM LEATHER ACCESSORIES PRIVATE LIMITED,Leather Products,Goods,False,101-250,South West Delhi,0501065318,06AAECP1086C1ZR,U19201DL2004PTC127218,,2004,0,0
Tier 4: Mid-Market (₹25 Cr – ₹100 Cr / $3M–$12M USD),60.0,11-25 Cr,RED CORAL,Textile & Apparel Products,Goods,False,101-250,New,0507007034,09AADCR5247A1ZL,U74999DL2007PTC159791,https://www.redcoralinc.in,2007,0,0
Tier 4: Mid-Market (₹25 Cr – ₹100 Cr / $3M–$12M USD),60.0,26 - 100 Cr,VIVIDH WIRES LIMITED,Engineering Products,Goods,False,101-250,East Delhi,AADCT0174C,09AADCT0174C1ZN,U27100DL2008PTC181104,,2008,0,0
Tier 4: Mid-Market (₹25 Cr – ₹100 Cr / $3M–$12M USD),60.0,26 - 100 Cr,Srinathji Ispat Limited,Others (Goods),Both goods and services,False,101-250,Dwarka,0591038781,09AABCS6831P1ZR,U74899DL1988PLC032952,,1988,0,0
Tier 4: Mid-Market (₹25 Cr – ₹100 Cr / $3M–$12M USD),60.0,26-100 Crores,VED JAIN & ASSOCIATES,"Accounting, Bookkeeping and Consultancy Services",Services,False,101-250,Central Delhi,AAAFV6040K,07AAAFV6040K1Z4,,https://vedjainassociates.com/,1976,0,0
Tier 4: Mid-Market (₹25 Cr – ₹100 Cr / $3M–$12M USD),60.0,26-100 Crores,LDDN IMPEX,Metal & Articles of Metal,Goods,False,101-250,North West Delhi,0503051497,06AACFL3601J1ZN,,http://www.lddnimpex.com/,1951,0,0
Tier 4: Mid-Market (₹25 Cr – ₹100 Cr / $3M–$12M USD),60.0,26 - 100 Cr,AAPNA INFOTHEEK PRIVATE LIMITED,Information Technology (IT & ITES) Services,Services,False,101-250,.,0514072032,07AAGCA7514E1ZX,U72300DL2007PTC171709,https://www.aapnainfotech.com/,2007,0,0
Tier 4: Mid-Market (₹25 Cr – ₹100 Cr / $3M–$12M USD),60.0,11-25 Cr,HRITNIK EXPORT PRIVATE LIMITED,Textile & Apparel Products,Goods,False,101-250,Ift,0501027980,09AAACH9458A1ZL,,https://www.hritnik.in,2001,0,0
Tier 4: Mid-Market (₹25 Cr – ₹100 Cr / $3M–$12M USD),60.0,11-25 Cr,ASTREA IT SERVICES PRIVATE LIMITED,Information Technology (IT & ITES) Services,Services,False,101-250,South West Delhi,0514078391,09AAJCA3001H1Z2,U72900DL2011PTC215103,https://astreait.com/,2011,0,0
Tier 4: Mid-Market (₹25 Cr – ₹100 Cr / $3M–$12M USD),60.0,26 - 100 Cr,NOVA FORMWORKS PRIVATE LIMITED,Plastic and Allied Products,Goods,False,51-100,Delhi,0508048303,09AAACW6106G1ZF,,https://www.novaformworks.com,2005,6,0
Tier 4: Mid-Market (₹25 Cr – ₹100 Cr / $3M–$12M USD),60.0,11-25 Cr,CANCO FASTENERS,Metal & Articles of Metal,Goods,False,51-100,Delhi,0594074894,07AAEPG6212G2Z4,,https://www.cancofasteners.com,1995,3,0
Tier 4: Mid-Market (₹25 Cr – ₹100 Cr / $3M–$12M USD),60.0,11-25 Cr,MONICA GARMENTS,Textile & Apparel Products,Both goods and services,False,51-100,South Delhi,0588164411,07AABFM3887E1Z8,,https://www.monicagarments.com,1991,0,0
Tier 4: Mid-Market (₹25 Cr – ₹100 Cr / $3M–$12M USD),60.0,10-25 Cr,TATRAS DATA SERVICES PRIVATE LIMITED,Information Technology (IT & ITES) Services,Services,False,51-100,New Delhi,AAECT3619B,07AAECT3619B1ZO,U72900DL2012PTC241186,https://www.tatrasdata.com,2012,0,0
Tier 4: Mid-Market (₹25 Cr – ₹100 Cr / $3M–$12M USD),60.0,26 - 100 Cr,BHIWADI CYLINDERS PRIVATE LIMITED,Others (Goods),Goods,False,51-100,New Delhi,0502000732,08AABCB6575B1ZU,,https://www.bhiwadicylinders.com,1998,0,0
Tier 4: Mid-Market (₹25 Cr – ₹100 Cr / $3M–$12M USD),60.0,26 - 100 Cr,SKYWALK FOOTWEAR,Sports Goods,Goods,False,51-100,Delhi,BEFPK4388R,07BEFPK4388R1ZN,,https://skywalkfootwear00@gmail.com,2016,0,0
Tier 4: Mid-Market (₹25 Cr – ₹100 Cr / $3M–$12M USD),60.0,11-25 Crores,ARK POLYCHEM PRIVATE LIMITED,Engineering Products,Goods,False,51-100,Gurunanak Pura,0516510339,09AAOCA3953H1ZC,U25209DL2016PTC299356,https://www.arkpolychem.com,2016,0,0
Tier 4: Mid-Market (₹25 Cr – ₹100 Cr / $3M–$12M USD),60.0,11-25 Crores,GANPATI EXPORTS,Textile & Apparel Products,Goods,False,51-100,Delhi,0597009864,06AACFG6446Q1ZX,,https://www.ganpatiexports.com,1997,0,0
Tier 4: Mid-Market (₹25 Cr – ₹100 Cr / $3M–$12M USD),60.0,11-25 Cr,VIVSUN EXPORTS,Handicrafts,Goods,False,51-100,Ft,0504061313,09AAEFV6336N1ZJ,,,2003,0,0
Tier 4: Mid-Market (₹25 Cr – ₹100 Cr / $3M–$12M USD),60.0,11-25 Cr,SHAKTI RUBBER INDUSTRIES,Sports Goods,Goods,False,11-50,North West Delhi,ABSFS3849L,07ABSFS3849L1ZA,,https://www.voltpro.in,1964,11,0
Tier 4: Mid-Market (₹25 Cr – ₹100 Cr / $3M–$12M USD),60.0,26-100 Crores,SHIVANSHU SINTERED PRODUCTS PVT LTD,Food Products,Goods,False,11-50,East Delhi,0502015764,06AAFCS9353L1ZU,U28910DL2001PTC110867,https://www.ozonenaturals.com,2001,8,0
Tier 4: Mid-Market (₹25 Cr – ₹100 Cr / $3M–$12M USD),60.0,11-25 Crores,CHARU MERCHANDISING PVT. LTD.,General Trading,Both goods and services,False,11-50,New Delhi,0512010561,07AAACC9804B1Z2,,,1998,3,0
Tier 4: Mid-Market (₹25 Cr – ₹100 Cr / $3M–$12M USD),60.0,11-25 Crores,KKM GOLD,Gems and Jewellery Products,Goods,False,11-50,Central Delhi,0508049024,07AFRPR1078K1ZS,,,2008,3,0
Tier 4: Mid-Market (₹25 Cr – ₹100 Cr / $3M–$12M USD),60.0,11-25 Crores,PRESSLINE INDIA PRIVATE LIMITED,Printing and Publishing Services,Both goods and services,False,11-50,South Delhi,0598009183,06AAACP7511N1ZA,,https://www.presslineindia.com,1996,1,0
Tier 4: Mid-Market (₹25 Cr – ₹100 Cr / $3M–$12M USD),60.0,26 - 100 Cr,NEO PLASTCHEM PRIVATE LIMITED,Chemicals or Allied Products,Both goods and services,False,11-50,North West Delhi,AADCN3775H,07AADCN3775H2Z9,,https://neoplastchem.com/,2010,1,0
Tier 4: Mid-Market (₹25 Cr – ₹100 Cr / $3M–$12M USD),60.0,11-25 Crores,QXP INDIA TRAVEL PRIVATE LIMITED,Tourism and Hospitality Services,Services,False,11-50,Hazrat Nizamuddin,AAACQ9018R,07AAACQ9018R1ZT,U52291DL2023PTC414121,https://www.qxpindia.com,2023,1,0
Tier 4: Mid-Market (₹25 Cr – ₹100 Cr / $3M–$12M USD),60.0,11-25 Cr,QC INTERNATIONAL,Leather Products,Both goods and services,False,11-50,Delhi,0594054974,07AALPS4759H2Z3,,https://qc-international.com,1994,1,0
Tier 4: Mid-Market (₹25 Cr – ₹100 Cr / $3M–$12M USD),60.0,11-25 Cr,NEW AGE DIAMONDS PRIVATE LIMITED,Gems and Jewellery Products,Both goods and services,False,11-50,Delhi,AAJCN2214K,07AAJCN2214K1ZH,U46498DL2023PTC422146,https://www.thenewagediamonds.com/?srsltid=AfmBOopg3bpQ6auJIAcxZc68ywuJ5VcOg3s-Znz9h279K1ljr-Z9BCke,2023,0,0
Tier 4: Mid-Market (₹25 Cr – ₹100 Cr / $3M–$12M USD),60.0,26-100 Crores,FLOETER INDIA RETORT-POUCHES PRIVATE LIMITED,Plastic and Allied Products,Goods,False,11-50,Ashoka Estate,0505082977,06AAACF9174H1ZI,U00313DL2005PTC140903,https://www.floeterindia.com,2005,0,0
Tier 4: Mid-Market (₹25 Cr – ₹100 Cr / $3M–$12M USD),60.0,11-25 Crores,Vaish Industries,Metal & Articles of Metal,Goods,False,11-50,Delhi,0512088187,07AAJFV5862A1Z4,,,2012,0,0
Tier 4: Mid-Market (₹25 Cr – ₹100 Cr / $3M–$12M USD),60.0,26-100 Crores,SYMBIOTIC SCIENCES PRIVATE LIMITED,Agricultural or Allied Products,Goods,False,11-50,Delhi,0507000820,06AAKCS6223J1Z6,U73100DL2007PTC159662,https://www.symbioticsciences.com,2007,0,0
Tier 4: Mid-Market (₹25 Cr – ₹100 Cr / $3M–$12M USD),60.0,11-25 Cr,SAPPHIRE SOURCING INDIA,Wholesale Trade Services,Services,False,11-50,Delhi,0511078901,07ABLFS4318P1ZJ,,,2008,0,0
Tier 4: Mid-Market (₹25 Cr – ₹100 Cr / $3M–$12M USD),60.0,11-25 Cr,ITSYS SOLUTIONS PRIVATE LIMITED GFT,Information Technology (IT & ITES) Services,Services,False,11-50,South Delhi,AACCI3793D,09AACCI3793D1ZI,U72200DL2010PTC206105,https://www.itsyssolutions.com,2010,0,0
Tier 4: Mid-Market (₹25 Cr – ₹100 Cr / $3M–$12M USD),60.0,11-25 Cr,MIESTILO LIFESTYLE PRIVATE LIMITED,Others (Goods),Goods,False,11-50,North East Delhi,AAMCM8312L,07AAMCM8312L1Z2,U51909DL2019PTC352936,https://miestilogroup.com,2019,0,0
Tier 4: Mid-Market (₹25 Cr – ₹100 Cr / $3M–$12M USD),60.0,11-25 Cr,FINE JEWELS,Gems and Jewellery Products,Goods,False,1-10,North West Delhi,0511046715,07ARPPA8626A1ZZ,,,2011,0,0
Tier 4: Mid-Market (₹25 Cr – ₹100 Cr / $3M–$12M USD),60.0,11-25 Crores,VIRASAT BY MAAN JEWELLERS,Gems and Jewellery Products,Goods,False,1-10,Karol Bagh,AQGPK9649H,07AQGPK9649H2ZC,,,2022,0,0
Tier 6: Small Exporter (₹1 Cr – ₹10 Cr / $120K–$1.2M USD),5.0,1-10 Cr,CLAY TECHSYSTEMS LLP,Information Technology (IT & ITES) Services,Services,False,51-100,South Delhi,AAPFT6887P,07AAPFT6887P1ZU,,https://www.clay.co.in,2019,2,0
Tier 6: Small Exporter (₹1 Cr – ₹10 Cr / $120K–$1.2M USD),5.0,1-10 Cr,SATYAM POLYKNITS,Textile & Apparel Products,Goods,False,51-100,Central Delhi,0510006710,06ABRFS4507J1ZS,,https://www.satyampolyknits.com,2006,0,0
Tier 6: Small Exporter (₹1 Cr – ₹10 Cr / $120K–$1.2M USD),5.0,1-10 Crores,JKSS& ASSOCIATES,"Accounting, Bookkeeping and Consultancy Services",Services,False,51-100,Delhi,AAAFJ6522A,07AAAFJ6522A2ZX,,https://jksco.in/,1968,0,0
Tier 6: Small Exporter (₹1 Cr – ₹10 Cr / $120K–$1.2M USD),5.0,1-10 Crores,REIZ ELECTROCONTROLS PRIVATE LIMITED,Electronic Products,Goods,False,51-100,South Delhi,0594009669,06AAACR0523Q1ZC,,"https://reizindia,com",1993,0,0
Tier 6: Small Exporter (₹1 Cr – ₹10 Cr / $120K–$1.2M USD),5.0,1-10 Cr,FLODATA ANALYTICS PRIVATE LIMITED,Information Technology (IT & ITES) Services,Services,False,51-100,West Delhi,AAECF8210A,07AAECF8210A1Z7,U74999DL2021PTC390174,,2021,0,0
Tier 6: Small Exporter (₹1 Cr – ₹10 Cr / $120K–$1.2M USD),5.0,1-10 Cr,UNITECH ENGINEERS (INDIA),Engineering Products,Both goods and services,False,11-50,North West Delhi,0515911348,07ABLPS9623B1ZH,,https://www.indiamart.com/unitech-engineers-india/,1986,13,0
Tier 6: Small Exporter (₹1 Cr – ₹10 Cr / $120K–$1.2M USD),5.0,1-10 Crore,D K JEWELLERS,Gems and Jewellery Products,Both goods and services,False,11-50,North Delhi,ACUPG3187C,07ACUPG3187C1ZH,,,2024,8,0
Tier 6: Small Exporter (₹1 Cr – ₹10 Cr / $120K–$1.2M USD),5.0,1-10 Cr,RIGAA CLOTHINGS PRIVATE LIMITED,Textile & Apparel Products,Goods,False,11-50,West Delhi,0517514907,06AAHCR9944C1Z7,U17299DL2016PTC306153,,2016,5,0
Tier 6: Small Exporter (₹1 Cr – ₹10 Cr / $120K–$1.2M USD),5.0,1-10 Cr,Majestine Global,Food Products,Both goods and services,False,11-50,Delhi,FLKPS4797C,07FLKPS4797C1ZH,,https://www.majestineglobal.com,2025,5,0
Tier 6: Small Exporter (₹1 Cr – ₹10 Cr / $120K–$1.2M USD),5.0,1-10 Cr,ADVANCE INTERNATIONAL,Engineering Products,Goods,False,11-50,South Delhi,0500026271,07AEUPG4468C1ZB,,https://www.advanceinternationalgroup.com,1997,2,0
Tier 6: Small Exporter (₹1 Cr – ₹10 Cr / $120K–$1.2M USD),5.0,1-10 Crores,LIMITED,"Accounting, Bookkeeping and Consultancy Services",Services,False,11-50,New Delhi,AAFCA5435R,09AAFCA5435R1Z3,U74140DL2006PTC144944,https://alacritycorp.com,2006,2,0
Tier 6: Small Exporter (₹1 Cr – ₹10 Cr / $120K–$1.2M USD),5.0,1-10 Cr,Mittal Teas,Food Products,Goods,False,11-50,Delhi,0504052721,07AAIPM0757A1Z1,,https://www.mittalteas.com,2017,1,0
Tier 6: Small Exporter (₹1 Cr – ₹10 Cr / $120K–$1.2M USD),5.0,1-10 Crores,MANDAP INTERNATIONAL PVT LTD,"Automobiles, Aircrafts and Other Transport Equipment",Goods,False,11-50,South West Delhi,0592038734,06AAACM2071L1ZK,,https://www.mandaprims.com,1978,1,0
Tier 6: Small Exporter (₹1 Cr – ₹10 Cr / $120K–$1.2M USD),5.0,1-10 Cr,GLOBALL SHIFT IMPORT EXPORT,Handicrafts,Goods,False,11-50,North Delhi,ARMPS0330C,07ARMPS0330C1Z3,,https://www.durjayaherbals.com,2024,1,0
Tier 6: Small Exporter (₹1 Cr – ₹10 Cr / $120K–$1.2M USD),5.0,1-10 Cr,BUWCH LIFESTYLES AND MANAGEMENT PRIVATE LIMITED,Leather Products,Both goods and services,False,11-50,South Delhi,AAMCB1544P,07AAMCB1544P1Z9,U47912DL2023PTC423725,https://buwch.com/,2023,1,0
Tier 6: Small Exporter (₹1 Cr – ₹10 Cr / $120K–$1.2M USD),5.0,1-10 Cr,Shivay Enterprises,"Automobiles, Aircrafts and Other Transport Equipment",Goods,False,11-50,North West Delhi,BVEPG4894E,07BVEPG4894E2ZG,,https://www.tpemats.com/,2017,0,0
Tier 6: Small Exporter (₹1 Cr – ₹10 Cr / $120K–$1.2M USD),5.0,1-10 Cr,TESTPAN INDIA PRIVATE LIMITED,Education Services,Services,False,11-50,West Delhi,AAFCT9560Q,07AAFCT9560Q1ZG,U74999DL2016PTC307238,https://www.testpanindia.com,2016,0,0
Tier 6: Small Exporter (₹1 Cr – ₹10 Cr / $120K–$1.2M USD),5.0,1-10 Cr,EAST WEST COMBINE,Textile & Apparel Products,Goods,False,11-50,East Delhi,0500045194,07AAAFE9070A1ZU,,https://www.eastwestcombine.com,1994,0,0
Tier 6: Small Exporter (₹1 Cr – ₹10 Cr / $120K–$1.2M USD),5.0,1-10 Cr,SUMAN SYNDETS PVT. LTD,Engineering Products,Both goods and services,False,11-50,Ogft,0598025090,07AAACS2818M1Z7,,https://www.sumansyndet.com,1992,0,0
Tier 6: Small Exporter (₹1 Cr – ₹10 Cr / $120K–$1.2M USD),5.0,1-10 Cr,RANFORT WELLNESS PRIVATE LIMITED,Food Products,Goods,False,11-50,South Delhi,AANCR6535M,07AANCR6535M1ZP,U86100DL2024PTC431571,,2024,0,0
Tier 6: Small Exporter (₹1 Cr – ₹10 Cr / $120K–$1.2M USD),5.0,1-10 Cr,MANOHAR LAL BROTHERS,Gems and Jewellery Products,Both goods and services,False,11-50,South Delhi,0513076271,07AASFM1775C1Z4,,https://www.mlbjewels.com,2010,0,0
Tier 6: Small Exporter (₹1 Cr – ₹10 Cr / $120K–$1.2M USD),5.0,1-10 Crores,MAHAJAN CARPETS,Handicrafts,Goods,False,11-50,East Delhi,0589021711,09AADFM7633E1ZA,,https://www.mahajancarpets.com,1997,0,0
Tier 6: Small Exporter (₹1 Cr – ₹10 Cr / $120K–$1.2M USD),5.0,1-10 Cr,INSTAA PRECISION TOOLS LLP,Engineering Products,Goods,False,11-50,Ift,AAJFI4630H,07AAJFI4630H1ZF,ABB-2370,https://www.instaatool.com,2022,0,0
Tier 6: Small Exporter (₹1 Cr – ₹10 Cr / $120K–$1.2M USD),5.0,1-10 Crores,R.B. INTERNATIONAL,Leather Products,Goods,False,11-50,New Delhi South,0500032581,07AAEPT4700E1ZZ,,,1991,0,0
Tier 6: Small Exporter (₹1 Cr – ₹10 Cr / $120K–$1.2M USD),5.0,1-10 Crores,PINK DREAMS STUDIO,Gems and Jewellery Products,Goods,False,11-50,South Delhi,0510018726,07AANFP5482C1Z2,,https://www.zariin.com,2010,0,0
Tier 6: Small Exporter (₹1 Cr – ₹10 Cr / $120K–$1.2M USD),5.0,1-10 Cr,DELHI HANDICRAFT EXPORTERS,Gems and Jewellery Products,Goods,False,11-50,East Delhi,0504017420,09AAEFD2163P1Z4,,https://delhihandicrafts.com,2004,0,0
Tier 6: Small Exporter (₹1 Cr – ₹10 Cr / $120K–$1.2M USD),5.0,1-10 Crores,ACTIVE INDIA HOLIDAYS PRIVATE LIMITED,Tourism and Hospitality Services,Services,False,11-50,South West Delhi,0516944908,07AAKCA1317P1ZH,U63000DL2011PTC225288,https://www.activeindiaholidays.com,2011,0,0
Tier 6: Small Exporter (₹1 Cr – ₹10 Cr / $120K–$1.2M USD),5.0,1-10 Crores,R BHARGAVA & ASSOCIATES,"Accounting, Bookkeeping and Consultancy Services",Services,False,11-50,Rajouri Garden,AAQFR3892K,07AAQFR3892K1ZE,,https://www.rbhargavaassociates.in,1994,0,0
Tier 6: Small Exporter (₹1 Cr – ₹10 Cr / $120K–$1.2M USD),5.0,1-10 Crores,ELEGANT JOURNEYS,Tourism and Hospitality Services,Services,False,11-50,Vasant Kunj,0516974122,07AAKPW0618G1ZL,,https://www.elegantjourneys.com,2012,0,0
Tier 6: Small Exporter (₹1 Cr – ₹10 Cr / $120K–$1.2M USD),5.0,1-10 Crores,TRANS TOOL MFG CO,Engineering Products,Both goods and services,False,11-50,South Delhi,AAVFT4476G,06AAVFT4476G1ZK,,,2023,0,0
Tier 6: Small Exporter (₹1 Cr – ₹10 Cr / $120K–$1.2M USD),5.0,1-10 Crores,VIRENTIATECH PRIVATE LIMITED,Agricultural or Allied Products,Goods,False,11-50,Badarpur,AAGCV3637H,07AAGCV3637H1Z6,U29300DL2018PTC331868,https://www.virenxia.com/,2018,0,0
Tier 6: Small Exporter (₹1 Cr – ₹10 Cr / $120K–$1.2M USD),5.0,1-10 Crores,ASTECH SYSTEMS PVT LTD,Information Technology (IT & ITES) Services,Both goods and services,False,11-50,Delhi,0514079886,07AAACA8383M1Z9,,https://www.astechsys.in,1996,0,0
Tier 6: Small Exporter (₹1 Cr – ₹10 Cr / $120K–$1.2M USD),5.0,1-10 Crores,SitCom Solutions,Sports Goods,Goods,False,11-50,East Delhi,AEXPJ5399G,07AEXPJ5399G1ZP,,https://ikraftsman.com,2018,0,0
Tier 6: Small Exporter (₹1 Cr – ₹10 Cr / $120K–$1.2M USD),5.0,1-10 Crores,LEWO IMPEX PRIVATE LIMITED,Leather Products,Goods,False,11-50,New Delhi,0592037851,06AABCL0234F1Z4,U51496DL2003PTC045068,https://www.lewoimpex.com,2003,0,0
Tier 6: Small Exporter (₹1 Cr – ₹10 Cr / $120K–$1.2M USD),5.0,1-10 Crore,GRAVS INDIA OVERSEAS PRIVATE LIMITED,Leather Products,Goods,False,11-50,South West Delhi,0514030259,07AABCG4664N1Z8,U74899DL1981PTC012368,,1981,0,0
Tier 6: Small Exporter (₹1 Cr – ₹10 Cr / $120K–$1.2M USD),5.0,1-10 Cr,THE HOME CENTRIC,Handicrafts,Both goods and services,False,11-50,North Delhi,AAMFT5502G,07AAMFT5502G1Z6,,https://www.thehomecentric.com,2017,0,0
Tier 6: Small Exporter (₹1 Cr – ₹10 Cr / $120K–$1.2M USD),5.0,1-10 Cr,AMAR FARM FOOD PRODUCTS,Agricultural or Allied Products,Goods,False,11-50,North West Delhi,ACKFA5686N,07ACKFA5686N1ZN,,,2025,0,0
Tier 6: Small Exporter (₹1 Cr – ₹10 Cr / $120K–$1.2M USD),5.0,1-10 Cr,SHEKHARSON TECHNOLOGIES LLP,Engineering Products,Goods,False,11-50,Newdelhi,ADNFS9675H,06ADNFS9675H1ZA,,https://munky.in,2017,0,0
Tier 6: Small Exporter (₹1 Cr – ₹10 Cr / $120K–$1.2M USD),5.0,1-10 Cr,VERVE TEXTILES PRIVATE LIMITED,Textile & Apparel Products,Goods,False,11-50,Central Delhi,0502039141,07AABCE0124F2ZB,U18101DL2002PTC115687,https://www.vervetextiles.com,2002,0,0
Tier 6: Small Exporter (₹1 Cr – ₹10 Cr / $120K–$1.2M USD),5.0,1-10 Cr,VERNAL TEXTILES PRIVATE LIMITED,Textile & Apparel Products,Goods,False,11-50,South West Delhi,0515921459,07AAFCV3007J1ZE,U17211DL2015PTC288015,https://www.vernaltex.in,2015,0,0
Tier 6: Small Exporter (₹1 Cr – ₹10 Cr / $120K–$1.2M USD),5.0,1-10 Cr,N.A. EXPORTS,Textile & Apparel Products,Goods,False,11-50,South Delhi,0513048031,09AJMPS3633A1Z7,,https://www.naexportsindia.com,2013,0,0
Tier 6: Small Exporter (₹1 Cr – ₹10 Cr / $120K–$1.2M USD),5.0,1-10 Cr,16TH JULY,Textile & Apparel Products,Goods,False,11-50,North West Delhi,0505095700,07AENPT5700R1ZP,,https://www.16thjulyexports.com,2006,0,0
Tier 6: Small Exporter (₹1 Cr – ₹10 Cr / $120K–$1.2M USD),5.0,1-10 Cr,AMTEX Industries,Textile & Apparel Products,Goods,False,11-50,Dl,0511043147,09AAFPG0709D1Z8,,http://www.amtex-clothing.com,2011,0,0
Tier 6: Small Exporter (₹1 Cr – ₹10 Cr / $120K–$1.2M USD),5.0,1-10 Crores,NMCEE INTERNATIONAL,Leather Products,Both goods and services,False,11-50,Sultanpur,0501067558,07AKKPM3578R1Z6,,,2001,0,0
Tier 6: Small Exporter (₹1 Cr – ₹10 Cr / $120K–$1.2M USD),5.0,1-10 Cr,JIVANTA LABS LLP,Others (Goods),Goods,False,11-50,East Delhi,AASFJ5112G,07AASFJ5112G1ZC,ABC-1397,https://www.jivantaherbal.com/,2022,0,0
Tier 6: Small Exporter (₹1 Cr – ₹10 Cr / $120K–$1.2M USD),5.0,1-10 Cr,DRAFT N CRAFT LEGAL OUTSOURCING PRIVATE LIMITED,Legal Services,Services,False,11-50,Newdelhi,AACCD9898E,07AACCD9898E2Z6,,https://www.draftncraft.com,2008,0,0
Tier 6: Small Exporter (₹1 Cr – ₹10 Cr / $120K–$1.2M USD),5.0,1-10 Cr,Global Selling Experts,Food Products,Goods,False,11-50,South West Delhi,AEWPJ6685C,07AEWPJ6685C1ZZ,07AEWPJ6685C1ZZ,,2023,0,0
Tier 6: Small Exporter (₹1 Cr – ₹10 Cr / $120K–$1.2M USD),5.0,1-10 Cr,VS & SONS JEWELLERS,Gems and Jewellery Products,Goods,False,11-50,West Delhi,AOCPS3291K,07AOCPS3291K1ZK,,,2006,0,0
Tier 6: Small Exporter (₹1 Cr – ₹10 Cr / $120K–$1.2M USD),5.0,1-10 Cr,SARVATMA IMPEX PRIVATE LIMITED,Leather Products,Both goods and services,False,11-50,Delhi,0511000103,07AAOCS7681Q1Z6,U51909DL2010PTC208372,,2010,0,0
Tier 6: Small Exporter (₹1 Cr – ₹10 Cr / $120K–$1.2M USD),5.0,1-10 Cr,NIRVAN ENTERPRISES,Agricultural or Allied Products,Goods,False,1-10,West Delhi,AUYPN5229L,07AUYPN5229L1ZR,,https://www.nirvanenterprise.co.in/,2017,58,0
Tier 6: Small Exporter (₹1 Cr – ₹10 Cr / $120K–$1.2M USD),5.0,1-10 Cr,JFS GLOBAL TRADE,Handicrafts,Goods,False,1-10,Delhi,AASPF0190J,07AASPF0190J1ZK,,https://www.jfsglobaltrade.com/,2021,57,0
Tier 6: Small Exporter (₹1 Cr – ₹10 Cr / $120K–$1.2M USD),5.0,1-10 Cr,Sequoia Overseas Co,Gems and Jewellery Products,Goods,False,1-10,North West Delhi,CNQPP2527J,07CNQPP2527J1ZI,,,2023,35,0
Tier 6: Small Exporter (₹1 Cr – ₹10 Cr / $120K–$1.2M USD),5.0,1-10 Cr,YAK CARPET AND RUGS LLP,Handicrafts,Goods,False,1-10,South Delhi,AACFY7241D,07AACFY7241D1Z9,,https://www.yakcarpet.in,2020,27,0
Tier 6: Small Exporter (₹1 Cr – ₹10 Cr / $120K–$1.2M USD),5.0,1-10 Cr,Clarte Overseas,Agricultural or Allied Products,Goods,False,1-10,North West Delhi,BOZPC0073B,07BOZPC0073B1Z5,,https://www.clarteoverseas.com,2025,23,0
Tier 6: Small Exporter (₹1 Cr – ₹10 Cr / $120K–$1.2M USD),5.0,1-10 Cr,LUXOVA,Others (Goods),Goods,False,1-10,Central Delhi,AJSPM2610D,07AJSPM2610D1ZE,07AJSPM2610D1ZE,https://luxova.in,2023,18,0
Tier 6: Small Exporter (₹1 Cr – ₹10 Cr / $120K–$1.2M USD),5.0,1-10 Crores,ZEBAEARTH PRIVATE LIMITED,Agricultural or Allied Products,Goods,False,1-10,East Delhi,AACCZ1796R,,U35106DL2023PTC413150,https://WWW.ZEBAEARTH.COM,2023,14,0
Tier 6: Small Exporter (₹1 Cr – ₹10 Cr / $120K–$1.2M USD),5.0,1-10 Cr,CELESTIAL BREW ESTATES INDIA (OPC) PRIVATE LIMITED,Food Products,Goods,False,1-10,North West Delhi,AAHCC9660J,07AAHCC9660J1Z8,U74999DL2019OPC344448,,2019,13,0
Tier 6: Small Exporter (₹1 Cr – ₹10 Cr / $120K–$1.2M USD),5.0,1-10 Cr,PHALWALA AGRO,Agricultural or Allied Products,Both goods and services,False,1-10,North West Delhi,AAXPS1572N,07AAXPS1572N1ZQ,,https://www.phalwala.com,2021,12,0
Tier 6: Small Exporter (₹1 Cr – ₹10 Cr / $120K–$1.2M USD),5.0,1-10 Crore,KOPI FRESCO PRIVATE LIMITED,Food Products,Both goods and services,False,1-10,West Delhi,AAHCK2919C,07AAHCK2919C1ZR,U15545DL2018PTC339988,,2018,8,0
Tier 6: Small Exporter (₹1 Cr – ₹10 Cr / $120K–$1.2M USD),5.0,1-10 Cr,SUTRAM,Handicrafts,Both goods and services,False,1-10,South West Delhi,3416905946,07CFYPK7473L1ZD,,https://www.ebay.com/usr/sutram?_tab=about,2024,7,0
Tier 6: Small Exporter (₹1 Cr – ₹10 Cr / $120K–$1.2M USD),5.0,1-10 Cr,BHOOJAA LIFECARE LLP,Medical or Surgical Instruments,Goods,False,1-10,Gft,ABCFB2235R,07ABCFB2235R1Z9,,https://www.bhoojaa.com,2023,4,0
Tier 6: Small Exporter (₹1 Cr – ₹10 Cr / $120K–$1.2M USD),5.0,1-10 Cr,NIROGAM INDIA PRIVATE LIMITED,Others (Goods),Goods,False,1-10,South Delhi,0512043132,06AADCN9937F1Z8,U51397DL2012PTC235985,https://nirogamonline.com,2012,3,0
Tier 6: Small Exporter (₹1 Cr – ₹10 Cr / $120K–$1.2M USD),5.0,1-10 Cr,Axis Global Enterprise,Engineering Products,Goods,False,1-10,North West Delhi,AGAPC7533J,07AGAPC7533J1ZK,,https://www.axisglobalenterprise.com/,2022,3,0
Tier 6: Small Exporter (₹1 Cr – ₹10 Cr / $120K–$1.2M USD),5.0,1-10 Cr,SHIVA PACKAGING,Paper and Paperboard & Articles,Goods,False,1-10,Janakpuri,0598006583,07AAEPV4298B1ZI,,,1989,2,0
Tier 6: Small Exporter (₹1 Cr – ₹10 Cr / $120K–$1.2M USD),5.0,1-10 Cr,M&V NUTRA,Food Products,Goods,False,1-10,North West Delhi,ACDFM7564J,07ACDFM7564J1ZT,,https://www.capsplusglobal.com,2025,2,0
Tier 6: Small Exporter (₹1 Cr – ₹10 Cr / $120K–$1.2M USD),5.0,1-10 Cr,PEKOE TIPS TEA,Food Products,Goods,False,1-10,New Delhi,AATFP9371L,07AATFP9371L1Z9,,https://www.pekoetipstea.com/,2017,2,0
Tier 6: Small Exporter (₹1 Cr – ₹10 Cr / $120K–$1.2M USD),5.0,1-10 Cr,Aroraaz,Agricultural or Allied Products,Goods,False,1-10,South Delhi,FPUPA6594D,07FPUPA6594D1ZG,,https://www.aroraaz.com/,2025,2,0
Tier 6: Small Exporter (₹1 Cr – ₹10 Cr / $120K–$1.2M USD),5.0,1-10 Cr,Maithili Overseas,Food Products,Goods,False,1-10,North West Delhi,AVHPJ4344G,07AVHPJ4344G1ZN,,https://www.gustosafoods.com,2022,1,0
Tier 6: Small Exporter (₹1 Cr – ₹10 Cr / $120K–$1.2M USD),5.0,1-10 Cr,ARTISAN COLLECTIVE & CO,Textile & Apparel Products,Goods,False,1-10,South Delhi,ACNFA3711B,07ACNFA3711B1ZV,,,2026,1,0
Tier 6: Small Exporter (₹1 Cr – ₹10 Cr / $120K–$1.2M USD),5.0,1-10 Cr,Divine Outsourcing Solutions Private Limited,Handicrafts,Goods,False,1-10,New,0506031845,07AACCD3251D1Z6,U72300DL2006PTC146004,https://www.exploredivine.com/,2006,1,0
Tier 6: Small Exporter (₹1 Cr – ₹10 Cr / $120K–$1.2M USD),5.0,1-10 Cr,AISHANI INTERNATIONAL,Miscellaneous Products,Goods,False,1-10,North Delhi,0508025141,07AUMPM5912F1ZJ,,,2008,1,0
Tier 6: Small Exporter (₹1 Cr – ₹10 Cr / $120K–$1.2M USD),5.0,1-10 Crores,Ghum India Ghum,Tourism and Hospitality Services,Services,False,1-10,Rajender Place,DGDPS2858N,07DGDPS2858N1ZO,,,2014,0,0
Tier 6: Small Exporter (₹1 Cr – ₹10 Cr / $120K–$1.2M USD),5.0,1-10 Crore,RANDOR TECH PRODUCTS,Engineering Products,Goods,False,1-10,North Delhi,ABDFR2509R,07ABDFR2509R1ZR,,https://www.randorindia.in,2021,0,0
Tier 6: Small Exporter (₹1 Cr – ₹10 Cr / $120K–$1.2M USD),5.0,1-5 Cr,VIMAL TRADING CO,"Automobiles, Aircrafts and Other Transport Equipment",Goods,False,1-10,North West Delhi,AAAPC3474E,07AAAPC3474E1Z7,,https://blackbirdgears.com,1984,0,0
Tier 6: Small Exporter (₹1 Cr – ₹10 Cr / $120K–$1.2M USD),5.0,1-10 Crores,ACE BUYING AGENCY PRIVATE LIMITED,Handicrafts,Both goods and services,False,1-10,Vikas Puri,0514052210,06AAMCA6967F1ZC,,,2014,0,0
Tier 6: Small Exporter (₹1 Cr – ₹10 Cr / $120K–$1.2M USD),5.0,1-10 Crores,AnRa Beadwork,Handicrafts,Both goods and services,False,1-10,Basement,0510007007,07APVPA2671K2ZI,,https://anrabeadwork.com,2022,0,0
Tier 6: Small Exporter (₹1 Cr – ₹10 Cr / $120K–$1.2M USD),5.0,1-10 Cr,Ankitam International,"Stone, Ceramic, Glassware, etc.",Both goods and services,False,1-10,North West Delhi,AMHPB6613K,07AMHPB6613K3Z2,,https://ankitaminternational.com/,2019,0,0
Tier 6: Small Exporter (₹1 Cr – ₹10 Cr / $120K–$1.2M USD),5.0,1-10 Crores,AMBASSADOR HOLIDAYS INDIA PRIVATE LIMITED,Tourism and Hospitality Services,Both goods and services,False,1-10,Bhagat Singh Market,AAFCA1043B,07AAFCA1043B1ZG,,http://www.ambassadorholidays.co.in/,2004,0,0
Tier 6: Small Exporter (₹1 Cr – ₹10 Cr / $120K–$1.2M USD),5.0,1-10 Cr,AANSHIKA GEMS AND JEWELS,Gems and Jewellery Products,Goods,False,1-10,West Delhi,ALYPV4764H,07ALYPV4764H1Z4,,https://www.aanshikajewels.com/,2011,0,0
Tier 6: Small Exporter (₹1 Cr – ₹10 Cr / $120K–$1.2M USD),5.0,1-10 Cr,CLOUDMEDLEY LLP,Information Technology (IT & ITES) Services,Services,False,1-10,South West Delhi,AAPFC9789H,07AAPFC9789H1ZL,,https://cloudmedley.com,2020,0,0
Tier 6: Small Exporter (₹1 Cr – ₹10 Cr / $120K–$1.2M USD),5.0,1-10 Crores,TIWARI TOURS,Tourism and Hospitality Services,Services,False,1-10,Central Delhi,BWNPS2367C,07BWNPS2367C1ZA,,https://www.tiwaritours.com,2013,0,0
Tier 6: Small Exporter (₹1 Cr – ₹10 Cr / $120K–$1.2M USD),5.0,1-10 Crores,CURRY TOURS PRIVATE LIMITED,Tourism and Hospitality Services,Services,False,1-10,Dashrath Puri,AAICC4369B,07AAICC4369B1ZS,U63030DL2019PTC356461,https://www.curry-tours.com,2019,0,0
Tier 6: Small Exporter (₹1 Cr – ₹10 Cr / $120K–$1.2M USD),5.0,1-10 Crores,PARIDA VENTURES PRIVATE LIMITED,Textile & Apparel Products,Goods,False,1-10,Kotla M Pur,AAOCP5454A,07AAOCP5454A1ZF,U78300DL2024PTC427847,,2024,0,0
Tier 6: Small Exporter (₹1 Cr – ₹10 Cr / $120K–$1.2M USD),5.0,1-10 Crores,NEELKANTH INTERNATIONAL,Engineering Products,Goods,False,1-10,North Delhi,BROPC9297F,07BROPC9297F1ZA,,,1975,0,0
Tier 6: Small Exporter (₹1 Cr – ₹10 Cr / $120K–$1.2M USD),5.0,1-10 Crores,BLUE RAY TECHNOLOGIES PRIVATE LIMITED,Chemicals or Allied Products,Both goods and services,False,1-10,South Delhi,AADCB7400K,27AADCB7400K1ZR,,,2024,0,0
Tier 6: Small Exporter (₹1 Cr – ₹10 Cr / $120K–$1.2M USD),5.0,1-10 Crores,VACHYA IMPEX,Gems and Jewellery Products,Goods,False,1-10,Central Delhi,AGGPM0310B,07AGGPM0310B2Z7,,,2020,0,0
Tier 6: Small Exporter (₹1 Cr – ₹10 Cr / $120K–$1.2M USD),5.0,1-10 Crore,INDIAFEAST MILLERS PRIVATE LIMITED,Agricultural or Allied Products,Goods,False,1-10,North West Delhi,ABGCS1882C,07ABGCS1882C1ZE,,https://www.indiafeast.com,2022,0,0
Tier 6: Small Exporter (₹1 Cr – ₹10 Cr / $120K–$1.2M USD),5.0,1-10 Cr,KAIROS FRAMEWORK,Others (Services),Both goods and services,False,1-10,East Delhi,AARFK0863A,07AARFK0863A1ZG,,https://www.kairosframework.com,2016,0,0
Tier 6: Small Exporter (₹1 Cr – ₹10 Cr / $120K–$1.2M USD),5.0,1-10 Cr,AISHWARYAA DIAMONDS,Gems and Jewellery Products,Goods,False,1-10,West Delhi,AADPA0800H,07AADPA0800H1ZK,,,2022,0,0
Tier 6: Small Exporter (₹1 Cr – ₹10 Cr / $120K–$1.2M USD),5.0,1-10 Cr,Bella Crepe,Textile & Apparel Products,Both goods and services,False,1-10,South West Delhi,AJAPL0638E,07AJAPL0638E2ZM,,https://www.bellacrepe.com,2022,0,0
Tier 6: Small Exporter (₹1 Cr – ₹10 Cr / $120K–$1.2M USD),5.0,1-10 Cr,3D FELTS PRIVATE LIMITED,Textile & Apparel Products,Goods,False,1-10,North West Delhi,AAACZ6658G,07AAACZ6658G1ZZ,U17200DL2013PTC253249,https://www.3dfeltspvtltd.in,2013,0,0
Tier 6: Small Exporter (₹1 Cr – ₹10 Cr / $120K–$1.2M USD),5.0,1-10 Cr,Lotus Jewels,Gems and Jewellery Products,Goods,False,1-10,North West Delhi,BHUPG2982B,07BHUPG2982B1Z7,,https://www.rcjnjewellers.com,2018,0,0
Tier 6: Small Exporter (₹1 Cr – ₹10 Cr / $120K–$1.2M USD),5.0,1-10 Cr,RK Graphix,Printing and Publishing Services,Both goods and services,False,1-10,West Delhi,AVQPK3419G,07AVQPK3419G1ZF,,,2020,0,0
Tier 6: Small Exporter (₹1 Cr – ₹10 Cr / $120K–$1.2M USD),5.0,1-10 Cr,ABHIKA GEMS AND JEWELS,Gems and Jewellery Products,Goods,False,1-10,Delhi,0515032638,07ALKPB4958P1ZH,,https://www.abhikajewels.com,2015,0,0
Tier 6: Small Exporter (₹1 Cr – ₹10 Cr / $120K–$1.2M USD),5.0,1-10 Cr,Gautamsons,Handicrafts,Both goods and services,False,1-10,Delhi,CBUPG4862P,07CBUPG4862P2ZP,,https://gautamsons.com/,2024,0,0
Tier 6: Small Exporter (₹1 Cr – ₹10 Cr / $120K–$1.2M USD),5.0,1-10 Cr,AL-FALAH INTERNATIONAL,Textile & Apparel Products,Goods,False,1-10,South Delhi,ABZFA7444A,07ABZFA7444A1Z9,,https://www.al-falahinternational.com/,2022,0,0
Tier 6: Small Exporter (₹1 Cr – ₹10 Cr / $120K–$1.2M USD),5.0,1-10 Cr,ANRAX INFRA PRIVATE LIMITED,Retail Trade Services,Both goods and services,False,1-10,North Delhi,AAUCA5445L,07AAUCA5445L1Z2,U70109DL2020PTC374764,,2020,0,0
Tier 6: Small Exporter (₹1 Cr – ₹10 Cr / $120K–$1.2M USD),5.0,1-10 Cr,ACDC MULTIMEDIA PRIVATE LIMITED,Leather Products,Both goods and services,False,1-10,South Delhi,AACCI0148J,07AACCI0148J1ZQ,U72400DL2009PTC186578,https://Www.shoesandaccessories.in,2009,0,0
Tier 6: Small Exporter (₹1 Cr – ₹10 Cr / $120K–$1.2M USD),5.0,1-10 Cr,NAVKAR SALES,Food Products,Both goods and services,False,1-10,New Madhupura,0808014951,24AVOPS0856K1Z1,,https://www.toospicyforyou.com,2007,0,0
Tier 6: Small Exporter (₹1 Cr – ₹10 Cr / $120K–$1.2M USD),5.0,1-10 Cr,CITICAP CHANNELS PRIVATE LIMITED,Printing and Publishing Services,Both goods and services,False,1-10,Central Delhi,0501050531,07AAACC0199F1ZW,U74140DL1992PTC047546,https://printprinters.com/,1992,0,0
Tier 6: Small Exporter (₹1 Cr – ₹10 Cr / $120K–$1.2M USD),5.0,1-10 Cr,CROSSORB LLP,Agricultural or Allied Products,Goods,False,1-10,South Delhi,AAVFC9587B,07AAVFC9587B1ZV,,https://crossorb.com,2025,0,0
Tier 6: Small Exporter (₹1 Cr – ₹10 Cr / $120K–$1.2M USD),5.0,1-10 Cr,INOVATIVA GLOBAL,Textile & Apparel Products,Both goods and services,False,1-10,Ift,AHMPD3287F,07AHMPD3287F1ZB,,https://WWW.INOVATIVAGLOBAL/COM,2020,0,0
Tier 6: Small Exporter (₹1 Cr – ₹10 Cr / $120K–$1.2M USD),5.0,1-10 Cr,FARMDELI INTERNATIONAL LLP,Agricultural or Allied Products,Goods,False,1-10,Delhi,AAIFF2022P,07AAIFF2022P1ZC,,https://www.farmdeli.in,2022,0,0
Tier 6: Small Exporter (₹1 Cr – ₹10 Cr / $120K–$1.2M USD),5.0,1-10 Cr,SHREE BALAJI POLYMERS,Others (Goods),Both goods and services,False,1-10,North West Delhi,AAGPN4316C,07AAGPN4316C1Z3,,,2017,0,0
Tier 6: Small Exporter (₹1 Cr – ₹10 Cr / $120K–$1.2M USD),5.0,1-10 Cr,Suvasya Export,Agricultural or Allied Products,Goods,False,1-10,East Delhi,BRKPJ4400K,07BRKPJ4400K1ZT,,,2025,0,0
Tier 6: Small Exporter (₹1 Cr – ₹10 Cr / $120K–$1.2M USD),5.0,1-10 Cr,NILIDA CREATIONS,Handicrafts,Goods,False,1-10,East Delhi,AGFPD9285R,07AGFPD9285R1ZL,,,2021,0,0
Tier 6: Small Exporter (₹1 Cr – ₹10 Cr / $120K–$1.2M USD),5.0,1-10 Cr,VALLEY TREASURE,Food Products,Both goods and services,False,1-10,West Delhi,AAZFV1514D,07AAZFV1514D1Z1,,https://www.valleytreasure.com,2024,0,0
Tier 6: Small Exporter (₹1 Cr – ₹10 Cr / $120K–$1.2M USD),5.0,1-10 Cr,ANANYA OVERSEAS,Sports Goods,Goods,False,1-10,New,0516509055,07AOUPM1160P1ZA,,,2017,0,0
Tier 7: Micro Exporter (< ₹1 Cr / < $120K USD),0.5,41-99 Lakhs,SHUKLA GUPTA & ARORA,Consultancy Services,Services,False,11-50,Aashirwad Complex,ACMFS0348D,07ACMFS0348D1Z7,,https://sgaindia.co.in,2013,2,0
Tier 7: Micro Exporter (< ₹1 Cr / < $120K USD),0.5,50 Lakhs - 1 Cr,J4 IMPEX (INDIA),Handicrafts,Goods,False,11-50,West Delhi,AGNPJ6138R,07AGNPJ6138R1ZL,,https://www.j4impex.com,2023,1,0
Tier 7: Micro Exporter (< ₹1 Cr / < $120K USD),0.5,41-99 Lakhs,GOEL ANISH & ASSOCIATES,"Accounting, Bookkeeping and Consultancy Services",Services,False,11-50,Paschim Vihar,AAUFG8886G,07AAUFG8886G1ZI,,https://www.goelanish.com/,2020,0,0
Tier 7: Micro Exporter (< ₹1 Cr / < $120K USD),0.5,Below 40 Lakhs,KAVISHIKHA OVERSEAS,Handicrafts,Goods,False,1-10,East Delhi,CKOPB4914J,,,https://www.kavishikhaoverseas.com,2026,23,0
Tier 7: Micro Exporter (< ₹1 Cr / < $120K USD),0.5,10-50 Lakhs,GINJ DESIGNS PVT LTD,Textile & Apparel Products,Both goods and services,False,1-10,New,0516519662,07AAGCG6883N1ZU,U18109DL2017PTC312853,https://www.ginjdesigns.com/,2017,10,0
Tier 7: Micro Exporter (< ₹1 Cr / < $120K USD),0.5,Below 40 Lakhs,KAAF GLOBAL TRADING COMPANY,Textile & Apparel Products,Goods,False,1-10,Point Model School,ALBPA8958P,,,https://kaafglobal.co.in,2022,3,0
Tier 7: Micro Exporter (< ₹1 Cr / < $120K USD),0.5,41-99 Lakhs,I-CAPITAL SERVICES PRIVATE LIMITED,Food Products,Both goods and services,False,1-10,Shaheen Bagh,AACCI8175M,07AACCI8175M1Z1,U65990DL2012PTC230081,https://www.asalnatural.com,2012,2,0
Tier 7: Micro Exporter (< ₹1 Cr / < $120K USD),0.5,41-99 Lakhs,VIBHOR EXIM PRIVATE LIMITED,Food Products,Goods,False,1-10,West Delhi,AAICV3248A,07AAICV3248A1ZJ,U52590DL2021PTC387999,https://grandmassecretreceipe.com,2021,1,0
Tier 7: Micro Exporter (< ₹1 Cr / < $120K USD),0.5,10-50 Lakhs,H & J EXIM PRIVATE LIMITED,Textile & Apparel Products,Goods,False,1-10,South Delhi,0516907662,06AABCH1816R2ZC,U51311DL2001PTC112618,https://www.hjepl.com,2001,1,0
Tier 7: Micro Exporter (< ₹1 Cr / < $120K USD),0.5,41-99 Lakhs,ASAN & CO,Consultancy Services,Services,False,1-10,Shakarpur,ABCFA5046R,07ABCFA5046R1Z3,,https://www.asanandco.com/,2015,1,0
Tier 7: Micro Exporter (< ₹1 Cr / < $120K USD),0.5,Below 40 Lakhs,ORGSUN GLOBAL LLP,Food Products,Goods,False,1-10,New Delhi,AAJFO6058R,,ACO-1210,https://www.orgsunglobal.com,2025,0,0
Tier 7: Micro Exporter (< ₹1 Cr / < $120K USD),0.5,Below 40 Lakhs,LINK GLOBE LINE LLP,Agricultural or Allied Products,Goods,False,1-10,Burari Dsf) Police Station,AALFL0351L,,ACC-6162,https://linkglobeline.com/,2023,0,0
Tier 7: Micro Exporter (< ₹1 Cr / < $120K USD),0.5,Below 40 Lakhs,LIVORA CRAFTS,Handicrafts,Goods,False,1-10,Mandoli Extn,OQCPS3994D,,,https://www.livoracrafts.com,2026,0,0
Tier 7: Micro Exporter (< ₹1 Cr / < $120K USD),0.5,Below 40 Lakhs,DEVADIDEVA WORLDWIDE EXPORTS PRIVATE LIMITED,Agricultural or Allied Products,Goods,False,1-10,West Delhi,AAMCD7255P,,U10619DC2026PTC471509,,2026,0,0
Tier 7: Micro Exporter (< ₹1 Cr / < $120K USD),0.5,41-99 Lakhs,SOLUTIONS UNLIMITED,Tourism and Hospitality Services,Both goods and services,False,1-10,Shahdara,0509034209,07AKJPG8100A2ZR,,https://solutions-unlimited.co.in,2009,0,0
Tier 7: Micro Exporter (< ₹1 Cr / < $120K USD),0.5,Below 20 Lakhs,S Sanjay and Co,"Accounting, Bookkeeping and Consultancy Services",Services,False,1-10,Shahdara,IBWPS5247C,,,https://ssanjay.com/,2025,0,0
Tier 7: Micro Exporter (< ₹1 Cr / < $120K USD),0.5,Below 40 Lakhs,DIVINE BUSINESS RESEARCH PRIVATE LIMITED,Agricultural or Allied Products,Goods,False,1-10,South Delhi,AAECD3756B,,U74140DL2012PTC240761,https://www.expodivine.com,2012,0,0
Tier 7: Micro Exporter (< ₹1 Cr / < $120K USD),0.5,41-99 Lakhs,XEBEC INDIA TOURS AND EXPORTS PRIVATE LIMITED,Handicrafts,Goods,False,1-10,Bhikaji Cama Place,0598018581,07AAACX0071F1ZO,,https://www.xebecindia.in,1998,0,0
Tier 7: Micro Exporter (< ₹1 Cr / < $120K USD),0.5,41-99 Lakhs,ALTIN GLOBAL LLP,Gems and Jewellery Products,Goods,False,1-10,North Delhi,ACLFA5590Q,07ACLFA5590Q1ZL,,https://www.altingloballlp.com,2025,0,0
Tier 7: Micro Exporter (< ₹1 Cr / < $120K USD),0.5,Less than 40 Lakh,Club Holiday,Textile & Apparel Products,Goods,False,1-10,Delhi,AAAPS5495B,,,https://www.chexports.in,2018,0,0
Tier 7: Micro Exporter (< ₹1 Cr / < $120K USD),0.5,41-99 Lakhs,EDC Packaging Solutions,Paper and Paperboard & Articles,Goods,False,1-10,Kavita Colony,CSOPM7125C,07CSOPM7125C1ZO,,https://edcpack.com,2020,0,0
