buyer_id,company_name,company_description,ien_code,incorporated_in,city,state_name,location,profile_views,total_inquiries_sent,industry_category,profile_completion_percentage,open_rfqs,logo_url
41e41df7-7c0b-4cf0-86ab-7f8f787206de,4RCE logistics inc,,81-4132786,26-04-2026,Beaumont,California,"Beaumont, California, United States",0,0,Transport and Logistics Service,54,0,
75ee798d-0dc4-44c0-9fc7-038cab93955d,BulkMagic LLC,,99-4522418,03-04-2026,Newyork,New York,"Newyork, New York, United States",0,0,Agricultural or Allied Products,54,0,
c2ab27e1-fe54-4d19-9c1d-00533760f9ff,Ayra Ventures LLC,,93-2805023,15-04-2026,Bradenton,Florida,"Bradenton, Florida, United States",0,0,Handicrafts,54,0,
c031630f-40f0-4f16-9542-dfa159418808,Luminocity,,39-4535788,30-04-2026,Aurora,Illinois,"Aurora, Illinois, United States",0,0,Handicrafts,54,0,
e689173f-ff5f-43fc-9435-f90e3db434f2,Anafab LLC,,99-1314795,10-04-2026,Austin,Texas,"Austin, Texas, United States",0,0,Miscellaneous Products,54,0,
fcbc6a1a-c8e6-4199-b346-8793571c24fe,Zenmed Solutions Inc,,,26-04-2001,Pomona,California,"Pomona, California, United States",0,0,"Healthcare Services including services by nurses, physiotherapist and paramedical personnel",56,0,
849299f9-5fc4-433b-8a49-c47f4d1ec5f2,Global Natural Resources,,,08-04-2026,Lincolnshire,Illinois,"Lincolnshire, Illinois, United States",0,0,Wholesale Trade Services,56,0,
7fefe5c7-ca35-457e-bbf2-ffd3c339a531,DeeBeCon Inc,,,05-10-2021,Nashua,New Hampshire,"Nashua, New Hampshire, United States",0,0,Information Technology (IT & ITES) Services,56,0,
8d6d4c61-9f5c-4484-8e92-688ba06b88b1,Diamour Inc.,,68-0521641,03-04-2026,New York,New York,"New York, New York, United States",0,0,Gems and Jewellery Products,81,0,http://indiausatrade.mea.gov.in/api/public/image/stream?key=profile-logos%2F20260720T185018Z-890764-9277bfd8-diamour%20logo%20colour%20smaller-cropped.png
af931472-f8ae-48fb-925d-64660b09a628,Global Import Solutions LLC,,,15-03-2026,Miami,Florida,"Miami, Florida, United States",0,0,"Automobiles, Aircrafts and Other Transport Equipment",55,0,
614b1503-5f5f-46c6-84ea-d8a24a34f3d0,SANTHIGRAM KERALA AYURVEDIC CO. OF US INC,,20-5088727,05-04-2026,Edison,New Jersey,"Edison, New Jersey, United States",0,0,"Healthcare Services including services by nurses, physiotherapist and paramedical personnel",54,0,
9bc9b517-9724-404f-9a31-de04c7a7dfbc,Virya LLC,"Importer , compliance and supply chain consultancy",92-3690326,2023,Kirkland,Washington,"Kirkland, Washington, United States",0,0,Agricultural or Allied Products,85,0,
9cf76e38-d391-4495-a7dc-4d7a05a532d0,SRKLLC,,,27-07-2020,Maple Valley,Washington,"Maple Valley, Washington, United States",0,0,Food Products,75,0,
17d810a6-431b-41bd-9fa3-c4336eabbbd7,Applied Textiles,,38-3046028,15-04-2026,Byron Center,Michigan,"Byron Center, Michigan, United States",0,0,Distribution Services,54,0,
ca079aee-6cb5-49ea-8b09-1a9650bdbda2,AdMark Solutions LLC,,20-4593185,09-04-2026,Splainfield,New Jersey,"Splainfield, New Jersey, United States",0,0,Advertising Services,54,0,
8dafcc72-a04b-48ed-a8d9-9118aee70288,Soul Lumos LLC,,99-3633890,11-04-2026,98059,Washington,"98059, Washington, United States",0,0,"Healthcare Services including services by nurses, physiotherapist and paramedical personnel",53,0,
297e5cc1-39a6-460a-b624-096ea608be78,RELIANCE SERVICE,,20-1741458,02-08-2026,Skokie,Illinois,"Skokie, Illinois, United States",0,0,Food Products,75,0,
72593ef2-57e6-42c4-9c82-da5f0af397ee,JEEVAM LLC,,39-2932882,27-08-2026,Santa Clara,California,"Santa Clara, California, United States",0,0,Food Products,73,0,
8bfc233f-d7d2-4e56-862d-a9c6a6ad17aa,TechEra Engineering (USA) Inc.,,39-3622321,02-04-2026,Atlanta,Georgia,"Atlanta, Georgia, United States",0,0,Engineering Products,54,0,
93295349-3105-477e-89b7-76a0ff0f81ca,iMETAL L.L.C.,,93-2807639,09-04-2026,Avenel,New Jersey,"Avenel, New Jersey, United States",0,0,Metal & Articles of Metal,54,0,
21477e28-e2ef-455c-b8b4-da40275b5b8b,"Real Gems, Inc.",,13-2807436,06-04-2026,Newyork,New York,"Newyork, New York, United States",0,0,Gems and Jewellery Products,54,0,
e9510aab-ebca-44b2-b284-d63d732c6d9f,BRJU InfoSec Inc,,99-1142587,08-04-2026,Westmont,Illinois,"Westmont, Illinois, United States",0,0,Information Technology (IT & ITES) Services,54,0,
4f476767-ef6a-43cf-a8ed-b5c6573a079d,Creative Mithila LLC,,82-2175821,15-04-2026,Edison,New Jersey,"Edison, New Jersey, United States",0,0,Handicrafts,54,0,
2c3baa4f-ce9f-45ad-9594-64693ef59128,Prime CargoPeople Logistics Corp,,88-2318570,08-04-2026,Lewes,Delaware,"Lewes, Delaware, United States",0,0,Transport and Logistics Service,54,0,
f6f22598-64eb-4261-b332-c90cda5278d9,HUDSON IMPERIAL TRADING LLC,,93-3304309,10-04-2026,Princeton,New Jersey,"Princeton, New Jersey, United States",0,0,General Trading,54,0,
3da1c8a6-6061-4091-9703-737515ef7b2b,VPSONS INC,,27-2542975,06-04-2026,New York,New York,"New York, New York, United States",0,0,Gems and Jewellery Products,53,0,
ece67a56-d747-4b93-ad80-2f217722b57b,C2FOR CONSULTING LLC,,41-3994980,30-04-2026,Avon,Ohio,"Avon, Ohio, United States",0,0,"Automobiles, Aircrafts and Other Transport Equipment",53,0,
bf6e553d-6632-443e-8a29-54d291ebc4d1,JSJ IMPORTS LLC,,81-2484977,03-08-2026,Guildhall Dr.,Virginia,"Guildhall Dr., Virginia, United States",0,0,Food Products,75,0,
56b44095-6d18-4c3e-a9d8-79e426661458,Radiant Retail LLC,,41-4541034,27-05-2026,Cumming,Georgia,"Cumming, Georgia, United States",0,0,Electronic Products,75,0,
c8c3b2f3-6c7c-49c0-80af-3f43b0147e6f,GREAT DIAM INC,,84-2833314,06-04-2026,Ny,New York,"Ny, New York, United States",0,0,Gems and Jewellery Products,54,0,
6d59417d-59f7-4ce8-814f-b836358e5e28,Nature’s Craft inc,,,08-08-2018,Rutherford,New Jersey,"Rutherford, New Jersey, United States",0,0,Gems and Jewellery Products,56,0,
1b948a9a-c60c-49d9-bc99-ae918913e160,Alphabet Solutions LLC,,33-3080191,07-04-2026,Rutherford,New Jersey,"Rutherford, New Jersey, United States",0,0,Consultancy Services,53,0,
356643df-9d90-4020-832c-dfdcd795f37f,Prime FFE USA,,99-0522481,06-04-2026,Jerseycity,New Jersey,"Jerseycity, New Jersey, United States",0,0,Construction and Related Engineering Services,54,0,
b71911c5-a062-4a57-bcb2-c277cbe601fc,Royal India USA,,46-4822071,07-04-2026,New York,New York,"New York, New York, United States",0,0,Gems and Jewellery Products,54,0,
acb88df0-436f-4b49-8346-695b1425edc7,Aero Science International LLC,,83-2233784,18-06-2026,Martinez,Michigan,"Martinez, Michigan, United States",0,0,Education Services,75,0,
3f3c6146-28db-4cc7-bb6a-a77bfaf28ad6,Purple Peak Ventures LLC,,99-1312874,03-04-2026,Sugar Land,Texas,"Sugar Land, Texas, United States",0,0,Others (Goods),53,0,
15bac9b5-ed98-47f2-947e-a5202a7bd55a,Glow Far Services and Trading LLC,,41-2943416,12-05-2026,Cypress,Texas,"Cypress, Texas, United States",0,0,Wholesale Trade Services,62,0,
b57120eb-b0b3-41f3-87fa-496736e889f8,Mandava Traders Corporaion,,46-5513666,27-04-2026,Irving,Texas,"Irving, Texas, United States",0,0,Agricultural or Allied Products,53,0,
6904483b-3a67-4e9e-bb37-4bd70c15f89d,Texind Inc,,13-4076040,07-04-2026,Hanover,New Jersey,"Hanover, New Jersey, United States",0,0,Wholesale Trade Services,54,0,
8b8a3f48-6d07-44c3-87c2-d001ebbe9820,SURINENI LLC,,,18-09-2023,Memphis,Tennessee,"Memphis, Tennessee, United States",0,0,General Trading,81,0,http://indiausatrade.mea.gov.in/api/public/image/stream?key=profile-logos%2F20260720T165432Z-404768-e90f9e07-Hari_profile-cropped.png
d937179c-d600-4fda-a750-58d9568a6392,SKYTECH SERVICES INC,,82-3875985,08-04-2026,Piscataway,New Jersey,"Piscataway, New Jersey, United States",0,0,Information Technology (IT & ITES) Services,54,0,
10f8426e-48c8-4add-ad08-8d64fdfc26a4,"Nimisha Shukla, M.D., P.A. DBA 7 Days Pediatrics","The Best Pediatric team in Edison, South Plainfield, Fords, Woodbridge, Iselin, Perth Amboy, and surrounding areas since 1997",22-3759996,11-05-2026,Edison,New Jersey,"Edison, New Jersey, United States",0,0,"Healthcare Services including services by nurses, physiotherapist and paramedical personnel",67,0,
83c87675-47db-404a-9eac-92c59f3f75fe,Provise Garrety Global LLC,,41-2866641,08-04-2026,Baton Rouge,Louisiana,"Baton Rouge, Louisiana, United States",0,0,"Accounting, Bookkeeping and Consultancy Services",81,0,http://indiausatrade.mea.gov.in/api/public/image/stream?key=profile-logos%2F20260615T040102Z-219115-ea6296bd-Logo%20with%20Company%20name%20(Small)-cropped.png
f009c042-ddd0-4c41-8d31-66bf212b1e2b,GLOBEDECOR INTERNATIONAL,,92-2177860,18-08-2026,Torrance,California,"Torrance, California, United States",0,0,Handicrafts,75,0,
9df929db-a1ce-47d8-b35f-a63fca76de88,Krishil Corporation,We are importers of quality food products for the south asian community in USA,82-4276902,2018,Coppell,Texas,"Coppell, Texas, United States",0,0,General Trading,74,0,http://indiausatrade.mea.gov.in/api/public/image/stream?key=profile-logos%2F920570137-Krishil_logo.jpg
356b1358-7ef3-433a-aeb3-ec3e2be57e1f,ReyD Global Logistics,"ReyD Global provides reliable and efficient freight services across the globe. We specialize in coordinating shipments from origin to destination with a focus on timely delivery, cost efficiency, and personalized customer service.",33-2400733,04-05-2026,Nbrunswick,New Jersey,"Nbrunswick, New Jersey, United States",0,0,Transport and Logistics Service,79,0,http://indiausatrade.mea.gov.in/api/public/image/stream?key=profile-logos%2F20260523T133038Z-977135-d4be41c9-Logo%20(1)-%20Compressed-cropped.png
c019d4c7-9bf9-488d-a34e-9511029b8892,KRISTI CORPORATION USA,,,22-04-2021,Piscataway,New Jersey,"Piscataway, New Jersey, United States",0,0,Chemicals or Allied Products,77,0,
f0e6a308-40e2-4743-a41b-e8e657283e2c,Delaware,,,22-01-2026,Ferndale,Washington,"Ferndale, Washington, United States",0,0,Chemicals or Allied Products,56,0,
f52064fb-5eb8-4a60-b3f4-0cfe168717a1,Karos LLC,,92-1460698,13-04-2026,Sheridan,Wyoming,"Sheridan, Wyoming, United States",0,0,Wholesale Trade Services,54,0,
02e09c89-f21e-4b56-9a5e-4e6efe5a170b,United Impex LLC,,33-4860251,27-05-2026,Monmouth Junction,New Jersey,"Monmouth Junction, New Jersey, United States",0,0,Food Products,73,0,
0cf98813-2dd0-433d-967c-553dec16c715,YERI,,99-2494285,20-07-2026,New York City,New York,"New York City, New York, United States",0,0,Food Products,75,0,
77008761-da6f-48ad-9aa7-db380e1263c2,New York Business Advisory & Corporate Services In,,85-0793287,14-04-2026,New York,New York,"New York, New York, United States",0,0,"Accounting, Bookkeeping and Consultancy Services",54,0,
2d8d93aa-8d78-4c27-ad75-9a2f6f032d6f,FreightX Shipping Inc,,99-2330173,29-05-2026,Franklin,Tennessee,"Franklin, Tennessee, United States",0,0,Transport and Logistics Service,75,0,
d68e2c1a-31b7-41ac-8bc0-d1d1c9fe52de,INNER PLANE,,85-2187562,29-05-2026,Rego Park,New York,"Rego Park, New York, United States",0,0,Gems and Jewellery Products,73,0,
699ed722-449e-437b-84fc-3c35f38fbbbe,Smitha Deepak LLC,,87-2039246,29-05-2026,Danville,California,"Danville, California, United States",0,0,Others (Goods),73,0,
38996d22-0a07-41aa-abdc-281f9f1563cb,LUXINE LEATHER GOODS LLC,,41-3681893,06-07-2026,Foxborough,Massachusetts,"Foxborough, Massachusetts, United States",0,0,Leather Products,75,0,
f196916b-d037-496d-9eae-7d25bd8441c6,BRJU ImpEx LLC,,61-2157862,08-04-2026,Westmont,Illinois,"Westmont, Illinois, United States",0,0,Food Products,54,0,
4e571347-aa00-4192-aae9-a6a21531205b,VIHAA APPARELS LLC,,92-2038592,10-05-2026,Woodbridge Township,New Jersey,"Woodbridge Township, New Jersey, United States",0,0,Textile & Apparel Products,81,0,http://indiausatrade.mea.gov.in/api/public/image/stream?key=profile-logos%2F20260629T113437Z-186096-25e13968-Vidarsha_logo-cropped.png
35d76b02-ffb9-485d-9c0f-06683e4c7479,Samsar Merchandise LLC,,83-2755022,23-04-2026,Media,Pennsylvania,"Media, Pennsylvania, United States",0,0,General Trading,81,0,http://indiausatrade.mea.gov.in/api/public/image/stream?key=profile-logos%2F20260530T012320Z-225967-f1078ee3-SportsCheckoutSponsorshipLogo-cropped.png
c63474ad-d773-4c90-bf3e-3ff26f211bb7,DIRECT source from factory LLC,,41-4284505,10-04-2026,Anderson,South Carolina,"Anderson, South Carolina, United States",0,0,Metal & Articles of Metal,54,0,
156fb854-b35f-4613-9d9f-44a448e05880,Smart Blinds LLC,"Smart Blinds™ is reinventing the window treatment. Our AI custom-matches every blind to your home's climate and light. Our patent-pending BlindsGuard Pro™ goes further — a security camera, AI monitor, and fall detector hidden inside the roller blind itself, replacing the cluttered devices in your home with one elegant solution. On-device AI keeps your video private. Hidden lens, elevated angle, on every window that matters. Custom-built. Free shipped. Made for safer homes and smarter living.",93-2975068,2023,Redmond,Washington,"Redmond, Washington, United States",0,0,Others (Goods),79,0,http://indiausatrade.mea.gov.in/api/public/image/stream?key=profile-logos%2F746310138-High%20resolation%20logo-03.jpg
39748cf1-0904-4004-a6d7-22f0ffb27b0c,Prak Technologies LLC,,81-4227116,08-05-2026,Ashburn,Virginia,"Ashburn, Virginia, United States",0,0,Food Products,64,0,
af5dc994-6c07-4319-9d32-df47ec367679,Manam Philly LLC,,82-5517873,23-04-2026,Philadelphia,Pennsylvania,"Philadelphia, Pennsylvania, United States",0,0,Retail Trade Services,54,0,
d5808ad1-3e63-442b-9649-459e89a96c8d,"VHC Brands, Inc",,,19-03-2026,Branson,Missouri,"Branson, Missouri, United States",0,0,Textile & Apparel Products,56,0,
d6834eaf-2cf9-4ad5-9c17-78da0b6ce365,Westex Group,,52-1312303,09-04-2026,Rockville,Maryland,"Rockville, Maryland, United States",0,0,Others (Goods),54,0,
e6aa3e5f-afa3-4989-83b0-51c75dda0aed,Selltivity,,33-3242850,27-05-2026,Dallas,Texas,"Dallas, Texas, United States",0,0,Retail Trade Services,73,0,
99b6cda8-70c3-4f56-93e3-114a4f62c325,METHODIC LLC,,,03-01-2023,Ashburn,Virginia,"Ashburn, Virginia, United States",0,0,Education Services,56,0,
8b998072-c22a-42a6-8e88-efc53c0409d8,OSR SALES LLC,,47-3971171,10-04-2026,Edison,New Jersey,"Edison, New Jersey, United States",0,0,Wholesale Trade Services,54,0,
a285a9be-d05f-47f1-a8f9-8cbe2f80ab3a,Honorex Technologies LLC,,92-2076289,27-05-2026,Maple Valley,Washington,"Maple Valley, Washington, United States",0,0,Consultancy Services,75,0,
3bc15f81-63d6-43b0-8fa5-ea9ddb33cd75,Cotton King Exports LLC,"We are a U.S.-based company supplying high-quality U.S. Soybean Meal for export to India.

We are looking to connect with reliable Indian buyers/importers, including feed mills, poultry companies, dairy companies, and animal nutrition companies interested in purchasing U.S. Soybean Meal.

If any Indian company is interested in sourcing Soybean Meal from the USA, please contact us. We can provide product specifications, COA, pricing, and shipping details.

We are ready to supply in bulk quantities and build long-term business relationships with Indian buyers.",39-4113120,16-08-2026,Jonesboro,Arkansas,"Jonesboro, Arkansas, United States",0,0,Agricultural or Allied Products,82,0,http://indiausatrade.mea.gov.in/api/public/image/stream?key=profile-logos%2F20260831T191012Z-373018-86a01221-4C59B38A-BDBB-4CDD-A5F9-3E165292F06C-cropped.png
c6474534-aee8-47b4-b36f-cd062eb0e179,KEYUR KANTILAL RUPAREL,"Acevion LLC is a Houston, Texas based trading and sourcing company specializing in import-export services, freight coordination, product sourcing, and international trade facilitation between India and the USA. We help businesses connect with reliable suppliers, manufacturers, and buyers across multiple industries with a focus on quality, transparency, and efficient global trade solutions.”",,02-05-2026,Houston,Texas,"Houston, Texas, United States",0,0,General Trading,81,0,http://indiausatrade.mea.gov.in/api/public/image/stream?key=profile-logos%2F20260525T072914Z-383830-3be7316b-51bc7089-f303-4dad-a946-84c23615f152-cropped.png
73b14971-e463-4d0c-baa0-e360a89d0cc2,Fabulous Cartz LLC,,33-4881954,28-05-2026,Dover,Delaware,"Dover, Delaware, United States",0,0,Textile & Apparel Products,75,0,
9b3ee3f3-027f-42a5-b10d-aac8628392e9,KRIS International LLC,"About Us
Since 2025, KRIS International LLC, DBA JD Neel HEALTHCARES has established itself as a premier privately held healthcare distribution partner. Headquartered in Tracy, CA, we bridge the gap between manufacturers and the frontline of care by delivering high-quality medical supplies and healthcare products.
Our Partners
We empower a diverse range of healthcare providers to deliver exceptional patient outcomes, including:
 
•	Independent Pharmacies
•	Medical Supply Stores
•	Physician Practices
•	Home Care Agencies
 
Our Mission
To be the trusted partner our customers can rely on. We are committed to providing reliable and authentic products, sourced directly from manufacturers, at industry-leading prices that help your business thrive.
Our Vision
We believe that quality healthcare begins with Authentic, Affordable and Adaptive supply chain.
•	Authentic: Guaranteed product integrity in every shipment.
•	Affordable: Driving down costs without compromising on standards.
•	Adaptive: From Just-In-Time to replenishment, based on your needs
Contact Us
Headquarters Address: Tracy, CA  95377                    		Phone: (408) 816 9750
Email:  jdneelhealthcares@gmail.com                       		 Website: jdneelhealthcares.com",83-4476209,2019,Tracy,California,"Tracy, California, United States",0,0,Others (Goods),91,0,http://indiausatrade.mea.gov.in/api/public/image/stream?key=profile-logos%2F20260720T233353Z-605879-073086aa-Logo-cropped.png
7a68494e-a363-4c53-bd49-aacc09084f5c,"Ruvo, Inc.",,99-2094180,22-04-2026,San Francisco,California,"San Francisco, California, United States",0,0,Information Technology (IT & ITES) Services,53,0,
e823c851-7d94-4d45-8e05-f7dd98cf9376,Mveda Inc,,92-1768199,28-05-2026,Hicksville,New York,"Hicksville, New York, United States",0,0,Miscellaneous Products,75,0,
13920833-aed8-429d-a50f-deaa84175b4e,NAROLA USA INC,,99-2192509,23-04-2026,Newyork,New York,"Newyork, New York, United States",0,0,Gems and Jewellery Products,54,0,
4d35c5a4-547d-4a45-bd7c-954a1885b8be,MAISON DIORRA INC,,41-3562226,06-04-2026,10036,New York,"10036, New York, United States",0,0,Gems and Jewellery Products,53,0,
491ab380-883e-4bff-bdb4-b246f839d33e,Aura Event LLC,,39-3793974,30-05-2026,Bothell,Washington,"Bothell, Washington, United States",0,0,Entertainment Services including Audio-visual Services,73,0,
2e7f28e9-b1a8-42a9-b5b6-97dcc65d84b5,Kitchen Xpress Overseas Inc.,,93-2821341,13-05-2026,Philadelphia,Pennsylvania,"Philadelphia, Pennsylvania, United States",0,0,Food Products,62,0,
e69837ca-3a8c-4144-982a-35dd66a14267,Earth Enterprise Fulfilment LLC,,83-3330651,2019,Jersey City,New Jersey,"Jersey City, New Jersey, United States",0,0,Transport and Logistics Service,64,0,
86944d63-f5e4-47bf-949c-cae36687ee4b,Sri Medha Global Traders,,33-5021352,22-04-2026,Atlanta,Georgia,"Atlanta, Georgia, United States",0,0,Food Products,54,0,
7e523a34-102d-458e-a27a-72e4a247b799,Kay Bee Fruits Inc,,82-0882970,22-04-2026,Dover,Delaware,"Dover, Delaware, United States",0,0,Agricultural or Allied Products,54,0,
0c84ce39-9c37-45e8-9e38-473a0f594dcc,EASTERN LIQUORS USA INC,,27-2528406,19-04-2026,Westbury,New York,"Westbury, New York, United States",0,0,Food Products,54,0,
7228d17d-c01e-4e34-af82-35259570b0eb,AXL Bearings and Industrial Solutions,,39-4480878,18-04-2026,Highlandpark,New Jersey,"Highlandpark, New Jersey, United States",0,0,Engineering Products,53,0,
07c6a2bb-5696-4b57-95e3-232722a91677,"RESHMI'S GROUP, INC",,,18-04-2026,Tukwila,Washington,"Tukwila, Washington, United States",0,0,Food Products,56,0,
0092d2d5-733d-4adc-ac5a-2eae96ded80e,First Steps Babywear Pvt Ltd,,,21-05-2026,Alabama,New York,"Alabama, New York, United States",0,0,Textile & Apparel Products,75,0,
5fa8544d-83d5-4152-8c3d-6e1d1066d28e,Dhanima Inc,,,09-04-2012,Sugar Land,Texas,"Sugar Land, Texas, United States",0,0,Wholesale Trade Services,56,0,
b5c5f0bb-9f4a-4874-b24d-c86abf683aa3,LAW OFFICES OF SANJAY CHAUBEY,,30-0185483,17-04-2026,Newyorkcity,New York,"Newyorkcity, New York, United States",0,0,Legal Services,53,0,
f3afd0ca-d355-4a77-aef9-5c6c553689b2,Pantry Buddies,,99-3826833,23-05-2026,Hillsboro,Oregon,"Hillsboro, Oregon, United States",0,0,Food Products,73,0,
0216e039-f539-485f-a86b-892fddb4b508,MEDHAS AI LLC,,,18-01-2024,Cherry Hill,New Jersey,"Cherry Hill, New Jersey, United States",0,0,General Trading,83,0,http://indiausatrade.mea.gov.in/api/public/image/stream?key=profile-logos%2F20260803T163101Z-587232-1d1e3b31-Medhas%20AI%20Logo-cropped.png
c1339bc0-b6e0-4095-ab08-fdbcda00dce8,SRI LAKSHMI NARASIMHAR OVERSEAS LLC,,82-4159247,08-09-2026,Piscataway,New Jersey,"Piscataway, New Jersey, United States",0,0,Food Products,75,0,
bd96ee51-a161-4a33-8544-3c5042044eb8,Seven Seas Trading,,86-2912535,27-05-2026,Anderson,Wisconsin,"Anderson, Wisconsin, United States",0,0,Construction and Related Engineering Services,73,0,
dd9426a9-8fa4-43c1-bd41-6bc0dc20ec36,Neha Singhania Interiors,,92-2550054,24-05-2026,Franklin,Tennessee,"Franklin, Tennessee, United States",0,0,Others (Services),75,0,
31e25611-b388-4f70-8f91-ecddcc3adc2f,Shrishti LLC,,81-2214913,15-05-2026,Edison,New Jersey,"Edison, New Jersey, United States",0,0,Handicrafts,81,0,http://indiausatrade.mea.gov.in/api/public/image/stream?key=profile-logos%2F20260721T031208Z-836278-e92d2e81-Healing%20Partners%20Logo-cropped.png
6649be9b-3d8c-447e-835f-9126b80f2aca,DevQuic,,99-3603149,18-06-2026,Bothell,Washington,"Bothell, Washington, United States",0,0,Engineering Products,73,0,
21985a52-ce5c-4a7e-a4c3-9477741d5fdd,SUBIECO USA LLC,"SUBIECO USA LLC is a U.S.-based importer and distributor focused on premium Indian-origin products and sustainable solutions. The company specializes in sourcing and supplying high-quality spices, herbal ingredients, clean label foods, nutraceutical ingredients, eco-friendly food service products, and agricultural solutions.

Our focus is on bringing authentic, natural, and responsibly sourced products to the U.S. market while ensuring quality, compliance, sustainability, and supply chain reliability. We work with manufacturers, farmer networks, processors, and business partners to create long-term value for B2B and retail markets.",38-4379275,23-05-2026,Houston,Texas,"Houston, Texas, United States",0,0,Others (Goods),87,0,http://indiausatrade.mea.gov.in/api/public/image/stream?key=profile-logos%2F20260523T161955Z-688615-e933edaf-SUBIECO%20LOGO-cropped.png
0c054788-9306-457b-ae96-f456bc69beb4,GLOWGREEN BIOFERTILIZERS LLC,"OrganixGro is an organic fertilizer company focused on improving soil health through a high-organic-carbon fertilizer solution. Our product is designed to enhance soil structure, support beneficial microbial activity, improve water and nutrient retention, and promote stronger, healthier plant growth. OrganixGro serves farmers, nurseries, landscapers, home growers, and agricultural distributors with a sustainable alternative to conventional fertilizers. Our mission is simple: **restore the soil, strengthen plant growth, and support more sustainable agriculture — Changing the way the world grows.",93-3947803,04-05-2026,Mentor,Ohio,"Mentor, Ohio, United States",0,0,Agricultural or Allied Products,82,0,http://indiausatrade.mea.gov.in/api/public/image/stream?key=profile-logos%2F20260908T142225Z-604556-4418d68d-PHOTO-2025-12-14-11-49-10-cropped.png
dd616319-0043-4bb2-a25e-e499df69ad2b,Fresh Flours LLC,,86-2838540,02-05-2026,Chattanooga,Tennessee,"Chattanooga, Tennessee, United States",0,0,Agricultural or Allied Products,53,0,
9211fdb8-2b36-4c08-990b-fac671ba4e11,Empire Circuits LLC,We are electronics designers and firmware developers located in USA.,87-2720359,03-06-2026,Piscataway,New Jersey,"Piscataway, New Jersey, United States",0,0,Electronic Products,73,0,
5fc251e6-e194-43cd-8111-502186092aea,Splendour of India LLC,,99-2527648,02-05-2026,Philadelphia,Pennsylvania,"Philadelphia, Pennsylvania, United States",0,0,Food Products,57,0,http://indiausatrade.mea.gov.in/api/public/image/stream?key=profile-logos%2F285638680-fb708dc2-d3c3-437e-b06b-037ba92aafa0.jpeg
a52b01ad-d888-480e-b0ab-6657abec53d5,ONE ASSET MANAGEMENT LLC,,47-5229110,11-09-2026,Greenwich,Connecticut,"Greenwich, Connecticut, United States",0,0,Real Estate Services,75,0,
e0291093-25ca-40e9-830d-1f11f011b3b1,KORDELL GROUP INC,,42-2659350,10-09-2026,Atlanta,Georgia,"Atlanta, Georgia, United States",0,0,Others (Goods),75,0,
842178d3-3961-4ccb-8d40-1374e803a591,OMERA WELLNESS LLC,,42-4652551,10-09-2026,Dover,Delaware,"Dover, Delaware, United States",0,0,Agricultural or Allied Products,81,0,http://indiausatrade.mea.gov.in/api/public/image/stream?key=profile-logos%2F20260910T174836Z-644528-7487926b-b7c4cde1-db37-4057-8f75-6dbdde6d5dac-cropped.png
21d88f08-a645-4726-9f81-70a6c9765a30,SPICY TANGO LLC,,84-2690722,10-09-2026,Katy,Texas,"Katy, Texas, United States",0,0,Food Products,75,0,
3110fc1f-54bf-4413-a209-92953f4042db,SAAJ BY G LLC,,92-2309139,08-09-2026,Ashburn,Virginia,"Ashburn, Virginia, United States",0,0,Gems and Jewellery Products,73,0,
136ca8ae-0011-4d36-9337-d096e46b44c3,CARTGRAPH AI INC,,42-2194929,08-09-2026,Fremont,California,"Fremont, California, United States",0,0,Miscellaneous Products,73,0,
378d0413-d724-414f-8408-e54e4fb3a95b,Importer,"Syntro is an agentic procurement platform that is purpose-built for hardware manufacturers. We are a broker for our customers as well, who are OEMs across the following industries: Robotics & Automation, Automotive, Consumer Electronics, Semiconductors, Energy, Aerospace & Defense, Industrials, and MedTech.

We facilitate long-term supplier relationships across a variety of categories. Please DM with any inquiries!",42-2552755,06-09-2026,San Francisco,California,"San Francisco, California, United States",0,0,Electronic Products,55,0,http://indiausatrade.mea.gov.in/api/public/image/stream?key=profile-logos%2F20260906T014721Z-261711-d698201d-logo-transparent-cropped.png
1eafbc84-69a9-4e19-89fc-73a72a7f8358,NEXTGEN SURFACES LLC,,92-3852331,06-09-2026,Monroe Twp,New Jersey,"Monroe Twp, New Jersey, United States",0,0,"Stone, Ceramic, Glassware, etc.",70,0,
83ae91d1-5d4b-427d-bf7b-a0f97b7e760d,PHYSICIAN CARE TEAM LLC,,39-4062088,03-09-2026,Windermere,Florida,"Windermere, Florida, United States",0,0,"Healthcare Services including services by nurses, physiotherapist and paramedical personnel",75,0,
73da46b1-711f-4b98-b2d5-d062432f6ca1,INFOCLOUD SOLUTIONS LLC,"InfoCloud,  the premier provider of software engineering services that meets the growing needs of corporation looking for better solutions in software development.

We are the leading source for successful e-Business solutions

InfoCloud is an innovative organization with a philosophy that drives us to constantly seek ""BIG"" solutions for every aspect of our client's e-Business needs. We support the business transformation needs of the Fortune 500 as well as the e-business innovation needs of start-up dot.coms . We provide the information, resources and tools, that empower organizations like yours to overcome their business challenges, and capitalize on this technology.

We have a unique strategy. We're an e-Builder - planning, constructing and deploying a technology infrastructure that meets your current and future business needs. No matter what your level of development, InfoCloud can help you create and implement an e-Business solution, from start to finish

InfoCloud is a savvy and young design studio located in California. Comprising of a team of skilled designers and techies, with a positive attitude for delivering solutions with an edge, we have built a track record of sustained success. We offer a spectrum of design services such as print design, web design & development, interactive CD-ROMs, corporate films, product demos etc.",81-3972668,03-09-2026,Pleasanton,California,"Pleasanton, California, United States",0,0,Information Technology (IT & ITES) Services,84,0,http://indiausatrade.mea.gov.in/api/public/image/stream?key=profile-logos%2F20260903T223739Z-195781-79f9b26a-InfoCloud-Logo-cropped.png
f80907a8-7c70-48f5-ba63-857584bedbbe,YV CREATIVE WORKS LLC,,33-2589895,29-08-2026,New Castle,Delaware,"New Castle, Delaware, United States",0,0,Textile & Apparel Products,75,0,
ea889d15-566f-4ba9-99ac-3245bd01635d,VISOL INC,,41-4986359,27-08-2026,Plano,Texas,"Plano, Texas, United States",0,0,Others (Goods),73,0,
5c4c29f9-6d25-45bc-ac8b-c5a35a552b95,VTRENDZ LLC,,47-1823922,27-08-2026,Arlington Cir,Ohio,"Arlington Cir, Ohio, United States",0,0,Textile & Apparel Products,75,0,
616787a2-4c29-498e-8524-4186c2c8f7bd,Sky Vacations Inc,,38-3718568,27-08-2026,Southfield,Michigan,"Southfield, Michigan, United States",0,0,Tourism and Hospitality Services,73,0,
197ad99b-aba0-4dae-9859-46b6c7193ddf,SOMA BEVERAGE LLC,,88-1746027,26-08-2026,Glenview,Illinois,"Glenview, Illinois, United States",0,0,General Trading,73,0,
da3515ca-ea20-4fc7-a85c-26fb04444389,JUTE PACIFICA LLC,,42-4522826,26-08-2026,Vancouver,Washington,"Vancouver, Washington, United States",0,0,Others (Goods),73,0,
2c2e1963-8db3-4441-b4ff-5f95afb78e5e,SinZenArd International Food Manufacturers LLC,,34-1983677,26-08-2026,Gravois Industrial Ct,Missouri,"Gravois Industrial Ct, Missouri, United States",0,0,Food Products,73,0,
fb76a61a-dee6-46c0-b1e8-049d1b32cd62,EASEMED LLC,,99-2476073,26-08-2026,Ashburn,Virginia,"Ashburn, Virginia, United States",0,0,Medical or Surgical Instruments,75,0,
e62729ae-ba31-4017-ab7b-08a4736042fd,Thoughtminds Tech Sales and Billing LLC,"At ThoughtMinds, we build enterprise AI the Half Human + Half AI way, pairing human expertise with AI innovation. From engineering software and Agentic AI solutions to automating workflows and running operations after go-live, we help enterprises turn complexity into measurable outcomes across the full lifecycle.",41-3490565,26-08-2026,Ste N,Wyoming,"Ste N, Wyoming, United States",0,0,Information Technology (IT & ITES) Services,78,0,
9e111604-e06f-4818-b79e-44599f50e1ce,POLYMER BAZAAR US,,42-2744267,26-08-2026,Houston,Texas,"Houston, Texas, United States",0,0,Chemicals or Allied Products,75,0,
facb6224-785a-45f1-a58a-fd9698905294,GLOBETROTTER LLC,,84-3361851,25-08-2026,Redmond,Washington,"Redmond, Washington, United States",0,0,Tourism and Hospitality Services,75,0,
6716932a-cb2a-4ce7-bb59-ed773f4624ac,NUTRIST HEALTH INC,,92-1108090,25-08-2026,Clifton,New Jersey,"Clifton, New Jersey, United States",0,0,Pharmaceutical Products,75,0,
440d8103-bc9f-4e0d-8243-2abfc63dc509,PHYSRECS.COM L.L.C.,,,25-08-2026,Alexandria,Louisiana,"Alexandria, Louisiana, United States",0,0,Retail Trade Services,75,0,
0fed2569-887c-4c2d-bd3f-04b5d0e709da,SWAN AND CO LLC,,42-4707078,25-08-2026,Winter Park,Florida,"Winter Park, Florida, United States",0,0,Miscellaneous Products,73,0,
e4371c4d-0baa-4a06-9ae7-c64f6bf22121,SPUNDHANN INC,,88-3296078,20-08-2026,Milpitas,California,"Milpitas, California, United States",0,0,Handicrafts,75,0,
c8f6ebb6-13b3-4420-9a1d-d69b84cfd19c,AUM AYURVEDA INC,,47-1714687,20-08-2026,New York City,New York,"New York City, New York, United States",0,0,Others (Goods),75,0,
a1cd305a-e80a-4e2c-a5e3-a438823ef30d,DRUNK DESI IMPORTS LLC,,99-4010206,20-08-2026,Princeton,New Jersey,"Princeton, New Jersey, United States",0,0,Wholesale Trade Services,75,0,
062d239e-3d71-42b2-8932-6dc2566214c8,NELBERRY LLC,,42-4483382,19-08-2026,Newton,Massachusetts,"Newton, Massachusetts, United States",0,0,Agricultural or Allied Products,73,0,
b1ae2e2d-40f4-45b9-8ed6-85644d62fc2e,Importer,"We are INDIA Based Company Working in Different Products , Now we want to have a Permanent Trade with USA to Import Metal Scraps from USA to India on Permanent Basis , We soon will go for the Business Set up Physically , Our Main import Products will be COPPER  ALUMINIUM  UBC   MOTORS   ZINC  STAINLESS STEEL Etc . We will be bridge between the Indian Buyers and USA Sellers and have a Good Business Trades . With respect and Follow both the Great Two Countires Law Regulations .",39-2847904,19-08-2026,Sheridan,Wyoming,"Sheridan, Wyoming, United States",0,0,General Trading,64,0,http://indiausatrade.mea.gov.in/api/public/image/stream?key=profile-logos%2F20260819T055030Z-351629-8412df68-SHREYA%20VISITING%20CARD-cropped.png
55fbc811-daa4-4af8-8850-3d2d19e97130,VEASHA,,41-3749076,17-08-2026,Saint Charles,Illinois,"Saint Charles, Illinois, United States",0,0,"Healthcare Services including services by nurses, physiotherapist and paramedical personnel",75,0,
be0fd775-de04-4e34-9e2d-c11d8a9a3407,ADVENTURE TRIPR INC,,84-2233740,17-08-2026,Bellevue,Washington,"Bellevue, Washington, United States",0,0,Tourism and Hospitality Services,75,0,
1a93a164-b114-4003-b55d-62c97fe516a5,Seven Hills IMEX TX LLC,,39-4694237,17-08-2026,Austin,Texas,"Austin, Texas, United States",0,0,Agricultural or Allied Products,73,0,
ef008200-8f44-4361-8c62-0698b840ab51,EC Overseas Trading LLC,,39-4208949,16-08-2026,Englewood Cliffs,New Jersey,"Englewood Cliffs, New Jersey, United States",0,0,Mineral and Petrochemical Products,73,0,
7abc8046-41e7-42a9-bd82-32d1e48d41d7,RUDRAS COMMERCIALS INC,,87-1869458,13-08-2026,Friendswood,Texas,"Friendswood, Texas, United States",0,0,Food Products,75,0,
bafa2668-588f-47c0-9eaf-11f3021b7268,Sky Bird Travel,,38-2113644,12-08-2026,Southfield,Michigan,"Southfield, Michigan, United States",0,0,Others (Services),75,0,
60ea47ec-df77-4ff4-a087-cafd19f025ef,MARG PHARMACY INC,,11-3279315,07-08-2026,Staten Island,New York,"Staten Island, New York, United States",0,0,Pharmaceutical Products,75,0,
1968e378-5ed0-49dc-b1bd-54285b71ba76,ICAI OHIO CHAPTER,,,07-08-2026,Mason,Ohio,"Mason, Ohio, United States",0,0,Others (Services),77,0,
af20dd96-6855-4753-a4f0-ed739ed99fd2,"HOMENEEDS, INC.",,20-4106384,30-07-2026,Bellevue,Washington,"Bellevue, Washington, United States",0,0,Food Products,75,0,
f70292d3-0cdb-45a3-9e6e-7dcc7997aace,SWADESHI CENTRAL TX LLC,,99-1988429,29-07-2026,Georgetown,Texas,"Georgetown, Texas, United States",0,0,Food Products,75,0,
fa3322c1-1e7d-4413-ad29-97fab6e4e0bc,"Neman Brothers & Assoc., Inc.","Neman Brothers & Associates, Inc. is a Los Angeles, California-based textile importer, distributor and converter serving the apparel, knitting, dyeing and textile manufacturing industries. Established in 1981, the company specializes in sourcing and supplying yarns, greige goods, knitted fabrics and textile raw materials from a global network of mills and suppliers. With decades of industry experience, Neman Brothers provides cost-effective sourcing solutions, inventory management, logistics support and reliable supply chain services to customers across the United States, Mexico, Central America, and other international markets.",95-3800795,1982,Los Angeles,California,"Los Angeles, California, United States",0,0,Textile & Apparel Products,89,0,
0454b795-2059-4542-a428-349fffd45fa2,ASSURION TECHNOLOGIES INC / DBA The Betel Leaf USA,,93-3965079,28-07-2026,Pawnee Dr,Maryland,"Pawnee Dr, Maryland, United States",0,0,Food Products,75,0,
cb747053-0d4d-40f4-8455-bc8fbeba229f,PREMIUM BEVERAGES LLC.,,81-0775088,28-07-2026,Lynnwood,Washington,"Lynnwood, Washington, United States",0,0,Others (Goods),73,0,
8225b4d6-dc01-4020-b769-5d3340114e7d,ENCHANTED TEAS LLC,"Enchanted Teas is a premium botanical tea and gift boutique based in Seattle, WA. We offer hand-blended loose-leaf teas, sell signature butterfly pea flower tea blends, Haldi Dood mix, gift sets, and merchandise with a retail and tea service location at Pacific Place, Seattle. Our product line spans 19 signature blends across wellness, floral, and specialty categories, including custom tea blending services.",99-1800327,2024,Lynnwood,Washington,"Lynnwood, Washington, United States",0,0,Food Products,89,0,http://indiausatrade.mea.gov.in/api/public/image/stream?key=profile-logos%2F20260728T004621Z-671440-5c88a78f-Enchanted%20Teas%20Cup%20Sticker%20Design-4-cropped.png
ce9bcb7d-ba4f-49e4-9658-caf58f5dcf5b,"LAYEREADY, INC.","Layeready, Inc. is a Delaware corporation building a U.S. contract assembly and test facility for optical modules used in AI data centers. The facility will perform photonics packaging — die attach, active alignment, fiber-array attach — and final optical/electrical test for 800G/1.6T pluggable transceivers, with co-packaged optics (CPO) engines as the follow-on product. It will operate as a domestic second source for U.S. optical module vendors and their hyperscale customers. Site under evaluation in the Midwest and Southeast U.S.; a federal funding submission is in preparation for late 2026.

Sourcing from India — components and sub-assemblies: transceiver housings and precision-machined metal parts; high-speed printed circuit board assemblies (SMT); fiber optic patch cords, fiber arrays (FAU) and cable assemblies; optical and electrical test fixtures and jigs; cleanroom consumables. ISO 9001 required; Telcordia GR-468 familiarity preferred.

Partnership: Indian electronics, EMS and semiconductor packaging (OSAT) companies seeking a U.S. manufacturing partner for the AI data center market. Structures of interest include volume sub-assembly in India with qualifying packaging and test in the U.S., and co-investment in the U.S. facility.

Facility engineering: experienced partners to support the ground-up technical design of the facility — photonics packaging line layout and process flow, cleanroom (ISO 7 / Class 10,000) design and fit-out, equipment specification and procurement (die attach, active alignment, fiber attach, burn-in, optical/electrical test), MES and quality systems, and staffing plans. Preference for firms with direct experience delivering optical transceiver, OSAT or semiconductor packaging facilities in India, on a consulting, build-transfer or joint-venture basis.


Legal name: Layeready, Inc.
Entity type: C-corporation, State of Delaware (File No. 10715102)
Year established: 2026
Headquarters: Chicago area, Illinois, USA
Industry / sector: Semiconductors & optoelectronics; Electronics manufacturing; Fiber optics / optical communications
Business type: Manufacturer (contract assembly and test); Importer / buyer
Products handled: Optical transceivers (800G/1.6T), co-packaged optics engines, photonics packaging and test services
Sourcing categories: Electronic components & PCBA; Precision machined parts; Fiber optic components & cable assemblies; Test fixtures & equipment; Cleanroom consumables
Target markets: AI data center supply chain — U.S. optical module vendors and hyperscale operators
Employees: 1-5
Website: www,layeready.com
Contact: Ken Patel, Founder",,28-07-2026,Newark,Delaware,"Newark, Delaware, United States",0,0,Information Technology (IT & ITES) Services,81,0,
ae3575b7-4500-4839-9cfe-710d1ccc9f07,OATSY LLC,,33-4683062,27-07-2026,Bend,Washington,"Bend, Washington, United States",0,0,Food Products,75,0,
3093cb4c-fd45-4f34-a5c7-55e921ccedf3,KALORAMA SOLUTIONS,,42-3367645,26-07-2026,Washington,District of Columbia,"Washington, District of Columbia, United States",0,0,General Trading,73,0,
146c3136-bcfe-4a28-b4f1-f2fed64a0b9a,Quadrant Technologies LLC,,30-0226524,24-07-2026,Redmond,Washington,"Redmond, Washington, United States",0,0,Information Technology (IT & ITES) Services,75,0,
ae952bba-1bb2-47cd-b561-120baa461266,KANAKA-COLLECTIONS,,33-3982728,23-07-2026,Milford,Connecticut,"Milford, Connecticut, United States",0,0,Textile & Apparel Products,75,0,
ee37d477-9fc1-4d00-82c8-664762f5ab2a,BRAHMAPUTRA TOURS INC,,39-3524671,21-07-2026,Winchester,Massachusetts,"Winchester, Massachusetts, United States",0,0,Tourism and Hospitality Services,81,0,http://indiausatrade.mea.gov.in/api/public/image/stream?key=profile-logos%2F20260722T111741Z-201037-a0f6d356-logo%20blue%20small-cropped.png
e2ee9ecb-1d70-483f-9875-4fa56cfbe308,AKSHAYA VIKAS ENTERPRISES LLC,,88-4015483,20-07-2026,Chantilly,Virginia,"Chantilly, Virginia, United States",0,0,"Accounting, Bookkeeping and Consultancy Services",73,0,
d5b4dc4e-33f2-408a-967f-02a5d291f613,GALACTIC ENTERPRISES,,88-4226922,18-07-2026,Glen Allen,Virginia,"Glen Allen, Virginia, United States",0,0,Others (Goods),89,0,http://indiausatrade.mea.gov.in/api/public/image/stream?key=profile-logos%2F20260803T162001Z-997295-6a2e14b6-0FD55294-D7A0-4105-8357-BF669EA9BCE9-cropped.png
b47af8ec-3f73-47ff-b8d2-0cdfe1398213,ANITAS NATURAL KITCHEN LLC,,83-2910452,16-07-2026,Cresskill,New Jersey,"Cresskill, New Jersey, United States",0,0,Food Products,81,0,http://indiausatrade.mea.gov.in/api/public/image/stream?key=profile-logos%2F20260716T151553Z-695672-b3716f17-598823370_17993029952903448_4715592245537140_n-cropped.png
4a34d465-7d00-4449-946d-ce143f47784d,All Equipment Corp.,,66-0948145,16-07-2026,Yauco,Puerto Rico,"Yauco, Puerto Rico, United States",0,0,Mechanical and Electrical Equipments,78,0,http://indiausatrade.mea.gov.in/api/public/image/stream?key=profile-logos%2F20260720T140317Z-318298-6a07c5ac-1000142538-cropped.png
0553d369-6eb4-4cf5-aa66-ad94812d7d9c,PINAKA FOODS INCORPORATED,,81-2618474,15-07-2026,Piscataway,New Jersey,"Piscataway, New Jersey, United States",0,0,Food Products,75,0,
89bfb5dd-5da7-4ed3-b681-2cc0b4e7d10d,YOOKTI INC,,41-3678406,14-07-2026,Frisco,Texas,"Frisco, Texas, United States",0,0,Advertising Services,75,0,
1d1f8db7-2ccf-4985-a87a-9eea9b5fe498,MANNA FOODS LLC,,39-2125804,13-07-2026,Springfield,Virginia,"Springfield, Virginia, United States",0,0,Food Products,75,0,
edf786b3-82a5-421d-862f-72419891f0de,PERSEVERANCE APPLIED SCIENCES LLC,,41-3449829,10-07-2026,Tracy,California,"Tracy, California, United States",0,0,Engineering Products,73,0,
d08f7c1a-2d6e-457b-ad3e-540b15569f4d,DURGA MARKETING LLC,,33-2025911,08-07-2026,Iselin,New Jersey,"Iselin, New Jersey, United States",0,0,Agricultural or Allied Products,73,0,
20f55e8a-be29-48cd-a525-fb9f8878cc92,CATION CONSULTANCY,,92-3985603,07-07-2026,Willowmore Cedar Dr,Florida,"Willowmore Cedar Dr, Florida, United States",0,0,Gems and Jewellery Products,73,0,
c21caac8-3ef5-4e94-96fa-9f84283f142b,TLABS LLC,"We are a USA-based sourcing and distribution company actively seeking reliable exporters, manufacturers, and suppliers from around the world.

Our focus is on building long-term partnerships with trusted exporters who can provide quality products, competitive pricing, consistent supply, and professional business practices. We are interested in establishing direct relationships with manufacturers and export companies for wholesale, private label, and distribution opportunities within the United States market.

If you are an exporter looking to expand your products into the U.S. market, we welcome the opportunity to discuss potential business collaboration.",88-2153596,2019,Chesterfield,Missouri,"Chesterfield, Missouri, United States",0,0,Information Technology (IT & ITES) Services,89,0,http://indiausatrade.mea.gov.in/api/public/image/stream?key=profile-logos%2F20260706T183055Z-908807-a2a6f09f-IMG_8266-cropped.png
eb77f3d3-7d67-491d-b4df-446d682c9093,AUSTEREX INC,,35-2925513,03-07-2026,Sheridan,Wyoming,"Sheridan, Wyoming, United States",0,0,Textile & Apparel Products,73,0,
00334b99-0e37-412d-924c-2d2608f34262,SUN & MOON RITUALS LLC,,,01-07-2026,Mount Dora,Florida,"Mount Dora, Florida, United States",0,0,Food Products,81,0,http://indiausatrade.mea.gov.in/api/public/image/stream?key=profile-logos%2F20260727T150930Z-310373-303bb07b-ChatGPT%20Image%20Jul%201%2C%202026%2C%2009_42_38%20PM-cropped.png
69a06d0c-da0b-404a-b95f-63ece0c1fa01,OREGREY LLC,,42-3179536,30-06-2026,Portland,Oregon,"Portland, Oregon, United States",0,0,Mineral and Petrochemical Products,73,0,
4a3403d8-025e-43e0-b643-cd519fbc9534,TRIDEVAYUR INC,,39-3615875,30-06-2026,Columbus,Georgia,"Columbus, Georgia, United States",0,0,Miscellaneous Products,73,0,
dbf8fa58-48d5-4f84-b73e-923fab4f9644,Valmark Energy LLC,,32-0719480,29-06-2026,Katy,Texas,"Katy, Texas, United States",0,0,Engineering Products,75,0,
ba540fbe-384a-4c31-bd7b-be8160b06737,ARRA GLOBAL LLC,ARRA Global was founded to bring American buyers a more direct route to world-class apparel manufacturing — without giving up the responsiveness of a domestic point of contact.,42-1796676,26-06-2026,Mountain House,California,"Mountain House, California, United States",0,0,Textile & Apparel Products,84,0,http://indiausatrade.mea.gov.in/api/public/image/stream?key=profile-logos%2F20260730T163620Z-268989-1c149a4c-Shrey%20png-cropped.png
39ddbaf9-8e1c-4263-b41d-60fab994c75c,THIRUVIZHA LLC,,92-3747483,26-06-2026,Sunnyvale,California,"Sunnyvale, California, United States",0,0,Food Products,73,0,
2ae62de7-6f97-48c3-9573-33b4e9d8e5d1,LIDHI LLC,,39-4041221,26-06-2026,Belmont,California,"Belmont, California, United States",0,0,Textile & Apparel Products,73,0,
12f18062-29cd-43e9-818f-d2751d69699b,ANYWORKS CRAFT CO,"At AnyWorks Craft Co., we provide professional-grade laser engraving and custom fabrication services tailored to meet the needs of businesses and high-volume retail clients alike. Utilizing advanced laser technology and an engineering-driven ""zero-error"" mindset, we specialize in high-fidelity branding across a diverse range of materials, including glass, wood, acrylic, certain plastics and metal. Our signature capability—specialized inner engraving—allows us to create stunning, permanent sub-surface designs within crystal and glass for premium awards and unique corporate gifts. Whether you require a single high-end prototype, industrial marking for technical components, or a bulk production run of 500+ pieces for an event or sports team, we deliver micron-level accuracy and perfect repeatability.",41-4412397,26-06-2026,Flower Mound,Texas,"Flower Mound, Texas, United States",0,0,Miscellaneous Products,84,0,http://indiausatrade.mea.gov.in/api/public/image/stream?key=profile-logos%2F20260706T180852Z-330058-a72210d3-1000054288-cropped.png
5df0ecd8-6986-4b15-b3cb-0c3deed8ffe3,Eleven House Global LLC,,30-1488281,24-06-2026,Sheridan,Wyoming,"Sheridan, Wyoming, United States",0,0,Retail Trade Services,81,0,http://indiausatrade.mea.gov.in/api/public/image/stream?key=profile-logos%2F20260721T060748Z-517791-cf6a9888-1000338328-cropped.png
11c82bac-00f2-436a-a932-586ecac77b3d,MSN Pharmaceuticals Inc,,46-4327516,22-06-2026,Bridgewater,New Jersey,"Bridgewater, New Jersey, United States",0,0,Pharmaceutical Products,73,0,
75b964fd-8d78-4558-a82b-7e3b936bc772,"Drashti Medical Solutions, LLC",,20-5987600,21-06-2026,Rockledge,Florida,"Rockledge, Florida, United States",0,0,Medical or Surgical Instruments,75,0,
a365c059-ee90-49d5-9192-32887c896cfe,AR4 Agro International LLC,,36-5011740,20-06-2026,Sheridan,Wyoming,"Sheridan, Wyoming, United States",0,0,Food Products,75,0,
9be8bd5a-5355-4df3-8f90-b8ba6d7bd161,BigWin,,88-0944496,19-06-2026,Holly Springs,North Carolina,"Holly Springs, North Carolina, United States",0,0,Food Products,73,0,
3b086df0-3c36-4f9d-8cdb-e1c140d60242,THREAD SOLUTION LLC,,85-4101147,19-06-2026,Allentown,Pennsylvania,"Allentown, Pennsylvania, United States",0,0,Textile & Apparel Products,81,0,http://indiausatrade.mea.gov.in/api/public/image/stream?key=profile-logos%2F20260619T133255Z-420797-ba7c799c-df7b776b-f2af-4902-bee7-caf83605dee2-cropped.png
4ab2aaa7-1c3a-4feb-831c-c3e9510fc3c0,A3K LLC,,99-1411568,18-06-2026,Bonney Lake,Washington,"Bonney Lake, Washington, United States",0,0,Others (Services),73,0,
02981263-e073-4f87-b6ec-322f938a46f3,DrawingBoard Capital LLC,,99-2223523,18-06-2026,New York City,New York,"New York City, New York, United States",0,0,Consultancy Services,75,0,
509fabb4-8275-491d-8888-8cc16a4b3049,Seva Ltd,"Seva Ltd Certified Public Accountants is a U.S.-based CPA firm providing accounting, tax, payroll, sales tax, entity formation, and regulatory compliance services to businesses operating in the United States. We specialize in supporting Indian companies entering or expanding in the U.S. market, helping them navigate financial, tax, and compliance requirements efficiently. With teams in both the United States and India, we deliver practical, technology-driven solutions that enable businesses to focus on growth while remaining compliant with U.S. regulations.",27-4055491,2010,Huntsville,Alabama,"Huntsville, Alabama, United States",0,0,"Accounting, Bookkeeping and Consultancy Services",89,0,http://indiausatrade.mea.gov.in/api/public/image/stream?key=profile-logos%2F20260618T110611Z-638972-afcb66a1-Seva-Logo-Circle-Website-cropped.png
a0fd49a7-bd56-4932-9bc2-c24651b72959,Law Office of Libby Babu Varghese,"Intellectual Property Attorney. 
US Attorney. 
US Registered Patent Attorney. 
US Trademark Attorney.",41-3143497,18-06-2026,New York City,New York,"New York City, New York, United States",0,0,Legal Services,84,0,http://indiausatrade.mea.gov.in/api/public/image/stream?key=profile-logos%2F20260707T153842Z-124048-df620196-Screenshot%202026-07-07%20at%2011.38.18%C3%A2%C2%80%C2%AFAM-cropped.png
5f73f8d8-9754-4762-87b8-f8e53e819998,Soum Company,,39-4817198,18-06-2026,San Antonio,Texas,"San Antonio, Texas, United States",0,0,Others (Goods),73,0,
8e03ad0b-0de1-49f0-8932-fe801ee36914,Sumvid Solutions LLC,,87-1252718,18-06-2026,Frisco,Texas,"Frisco, Texas, United States",0,0,Information Technology (IT & ITES) Services,81,0,http://indiausatrade.mea.gov.in/api/public/image/stream?key=profile-logos%2F20260618T174852Z-458045-176cbfc3-sumvid-logo-cropped.png
aa9de1f6-fc88-429f-82a2-c7bd5ae7a359,NORTHSTAR HOLDING LLC,,93-2758116,18-06-2026,Pewaukee,Wisconsin,"Pewaukee, Wisconsin, United States",0,0,Handicrafts,73,0,
f3fd03b0-e7e2-4e90-bc6b-5600f3a58b6f,Bharat Connects LLC,,42-3206666,17-06-2026,Raleigh,North Carolina,"Raleigh, North Carolina, United States",0,0,Others (Services),75,0,
069e4533-b59d-4d97-b881-b6afa1290a31,Narthanashaala LLC,,87-3323127,17-06-2026,Woodinville,Washington,"Woodinville, Washington, United States",0,0,Education Services,73,0,
e49296c3-d22f-4c06-beb1-da3a9088289e,"/disregarded entity name, if different from above",,33-1190363,17-06-2026,Redmond,Washington,"Redmond, Washington, United States",0,0,Information Technology (IT & ITES) Services,73,0,
a9c83ccd-4c66-46a6-a407-331d3be05dff,Rootsie Pure LLC,,42-2977594,17-06-2026,City of Sammamish,Washington,"City of Sammamish, Washington, United States",0,0,Food Products,73,0,
3c0f06f4-2b90-47b8-be3d-3dabfd61e3b8,Blue Plate Foods LLC,,99-2252872,14-06-2026,Marlton,New Jersey,"Marlton, New Jersey, United States",0,0,Food Products,75,0,
0f248fc3-7dc0-417c-b415-e73af94fd0d9,Mapleleaf Global Enterprises Ltd,"MLG is a market leader trading in highest quality Essential goods, Home Furnishings, Textiles & Consumer Products. 
We are one of the most prominent and successful ethnic Asian and Middle Eastern foods distributor in the Northern Hemisphere.",37-1832773,11-06-2026,Allen,Texas,"Allen, Texas, United States",0,0,Food Products,84,0,http://indiausatrade.mea.gov.in/api/public/image/stream?key=profile-logos%2F20260730T082420Z-809164-dd0f3491-Asset%206-1-cropped.png
ca3a0186-aaff-47f3-bc79-abe5debc4550,KORA BUSINESS SOLUTIONS LLC,,,10-06-2026,Branchburg,New Jersey,"Branchburg, New Jersey, United States",0,0,Wholesale Trade Services,75,0,
23f5bc3a-e48b-4de5-945f-0cdeb67343f6,KIRTI GLOBAL LLC,,38-4339674,10-06-2026,Cedar Grove,New Jersey,"Cedar Grove, New Jersey, United States",0,0,Gems and Jewellery Products,73,0,
