buyer_id,company_name,target_hub_match,industry_category,city,state_name,postal_code,registered_address,ein_code,website,crawled_status,scraped_emails,scraped_phones,website_title,meta_description
00334b99-0e37-412d-924c-2d2608f34262,SUN & MOON RITUALS LLC,All-India (Agri & Food Processing),Food Products,Mount Dora,Florida,32757,1304 Calmito LN,,,not_crawled,,,,
0092d2d5-733d-4adc-ac5a-2eae96ded80e,First Steps Babywear Pvt Ltd,Tiruppur & Surat (Textiles & Apparel),Textile & Apparel Products,Alabama,New York,635109,"Plot No.E19.B, Phase-II Sipcot Industrial Complex Moranapalli Village Hosur – 635109 TamilNadu",,,not_crawled,,,,
0216e039-f539-485f-a86b-892fddb4b508,MEDHAS AI LLC,General Trade,General Trading,Cherry Hill,New Jersey,08002,"2230 Route 70W, STE 2",,https://medhas.ai,success,,,Medhas AI - Your Intelligent Partner for Ideas & Creativity,Precision AI for Efficiency and Productivity.
02981263-e073-4f87-b6ec-322f938a46f3,DrawingBoard Capital LLC,General Trade,Consultancy Services,New York City,New York,19901,"8 The Green, Ste A, Dover, DE",99-2223523,https://drawingboard.capital/,success,,8516222439,DrawingBoard Capital,"DrawingBoard is a Registered Investment Adviser that sources institutional-grade access to private secondaries, niche hedge funds, and direct investment opportunities for accredited investors."
02e09c89-f21e-4b56-9a5e-4e6efe5a170b,United Impex LLC,All-India (Agri & Food Processing),Food Products,Monmouth Junction,New Jersey,08852,"MONMOUTH JCT, NJ 08852",33-4860251,,not_crawled,,,,
0454b795-2059-4542-a428-349fffd45fa2,ASSURION TECHNOLOGIES INC / DBA The Betel Leaf USA,All-India (Agri & Food Processing),Food Products,Pawnee Dr,Maryland,12101,12101 Pawnee Dr,93-3965079,https://www.thebetelleafusa.com,success,sales@thebetelleafusa.com,"15608056247, 5054213049, 9978349682",The Betel Leaf USA,"The Betel Leaf Co introducing Dessert PAAN. Available in the USA, Made in an FDA Registered facility in India. Offering Arid (Dry) Paan, Chocolate Paan in different Dark, Milk, Strawberry & Mango. Roc"
0553d369-6eb4-4cf5-aa66-ad94812d7d9c,PINAKA FOODS INCORPORATED,All-India (Agri & Food Processing),Food Products,Piscataway,New Jersey,08854,5103 CUSTER ST,81-2618474,https://pinakafoods.aidaform.com/productlist,success,,,,
062d239e-3d71-42b2-8932-6dc2566214c8,NELBERRY LLC,All-India (Agri & Food Processing),Agricultural or Allied Products,Newton,Massachusetts,02465,57 NOBLE ST - 2,42-4483382,,not_crawled,,,,
069e4533-b59d-4d97-b881-b6afa1290a31,Narthanashaala LLC,General Trade,Education Services,Woodinville,Washington,98072,18832 NE 140th pl Woodinville WA,87-3323127,,not_crawled,,,,
07c6a2bb-5696-4b57-95e3-232722a91677,"RESHMI'S GROUP, INC",All-India (Agri & Food Processing),Food Products,Tukwila,Washington,98188,1120 ANDOVER PARK E,,https://www.reshmisgroup.com,success,"intl-segmenter@11.7.10, cs@rginw.com","2147483647, 7809912141, 7824074074",Reshmi's Group Inc | Snacks & Food,"Reshmi's Group Inc is a premier importer, wholesaler & distributor of TOP Indian & Pakistani food brands, such as Haldiram, National, Waghbakri, SIVA's, MTR, Zeeba, Crispy, Parliament, Tilda, Sher, Da"
0c054788-9306-457b-ae96-f456bc69beb4,GLOWGREEN BIOFERTILIZERS LLC,All-India (Agri & Food Processing),Agricultural or Allied Products,Mentor,Ohio,44060,5575 Snell Dr,93-3947803,,not_crawled,,,,
0c84ce39-9c37-45e8-9e38-473a0f594dcc,EASTERN LIQUORS USA INC,All-India (Agri & Food Processing),Food Products,Westbury,New York,11590,"990 Westbury Rd, 2nd Floor",27-2528406,http://www.easternliquorsusa.com,failed,,,,
0cf98813-2dd0-433d-967c-553dec16c715,YERI,All-India (Agri & Food Processing),Food Products,New York City,New York,10027,159 W 126TH ST APT GB,99-2494285,https://yericoffee.com,success,,"17326821264, 16083808117, 8507264401",Yeri Coffee | Unique Indian Specialty Coffee & Ethical Sourcing,"Yeri Coffee brings the finest Indian specialty beans to your home. Experience freshly roasted coffee with distinct flavor notes, all from ethically sourced, direct trade partnerships that support our "
0f248fc3-7dc0-417c-b415-e73af94fd0d9,Mapleleaf Global Enterprises Ltd,All-India (Agri & Food Processing),Food Products,Allen,Texas,75013,1333 W McDermott Dr Ste 200,37-1832773,https://www.mapleleaf-global.net/,success,"intl-segmenter@11.7.10, lodash@4.17.23, mlglobal@mlgmail.net","+1 469-519-1037, 810-7317540, 2545352419",MapleLeaf Global USA | Mapleleaf,
0fed2569-887c-4c2d-bd3f-04b5d0e709da,SWAN AND CO LLC,General Trade,Miscellaneous Products,Winter Park,Florida,32789,2359 UPPER PARK RD,42-4707078,,not_crawled,,,,
10f8426e-48c8-4add-ad08-8d64fdfc26a4,"Nimisha Shukla, M.D., P.A. DBA 7 Days Pediatrics",Ahmedabad (Pharma & Medical),"Healthcare Services including services by nurses, physiotherapist and paramedical personnel",Edison,New Jersey,088202704,1802 Oak Tree Road,22-3759996,https://www.7dayspediatrics.com,failed,,,,
11c82bac-00f2-436a-a932-586ecac77b3d,MSN Pharmaceuticals Inc,Ahmedabad (Pharma & Medical),Pharmaceutical Products,Bridgewater,New Jersey,08854,20 Duke Road,46-4327516,,not_crawled,,,,
12f18062-29cd-43e9-818f-d2751d69699b,ANYWORKS CRAFT CO,General Trade,Miscellaneous Products,Flower Mound,Texas,75028,2220 NOTTINGHAM ST,41-4412397,https://anyworkscraft.com,success,info@anyworkscraft.com,"6158214649, 17737981289, 17744028955",AnyWorks Craft Co. | Explore Custom Gifts - Book Now,"Discover premium laser engraving and personalized gifts at AnyWorks Craft Co. - custom metal, glass, and 3D engravings crafted to your style. Schedule your appointment today."
136ca8ae-0011-4d36-9337-d096e46b44c3,CARTGRAPH AI INC,General Trade,Miscellaneous Products,Fremont,California,39493,39493 GALLUADET DRIVE APT 243 FREMONT CA 94538,42-2194929,,not_crawled,,,,
13920833-aed8-429d-a50f-deaa84175b4e,NAROLA USA INC,Surat & Mumbai (Gems & Jewelry),Gems and Jewellery Products,Newyork,New York,10036,"580 FIFTH AVE, SUITE 713",99-2192509,https://www.narola.in,success,aos@2.3.1,6705448336,Narola Diamonds,
146c3136-bcfe-4a28-b4f1-f2fed64a0b9a,Quadrant Technologies LLC,General Trade,Information Technology (IT & ITES) Services,Redmond,Washington,98052,5020 148TH Ave NE Suite#250,30-0226524,https://www.quadranttechnologies.com,success,privacy@quadranttechnologies.com,"9712159624, 1977855-1024, 425-296-1122",AI & Data Modernization Consulting | Quadrant Technologies,"Quadrant Technologies helps global enterprises Migrate to Modernize, Analytics & Fabric, AI Positioning. Turn your data into a competitive advantage."
156fb854-b35f-4613-9d9f-44a448e05880,Smart Blinds LLC,General Trade,Others (Goods),Redmond,Washington,98052,15326 Old Redmond Road,93-2975068,https://smartblindspro.com,success,"admin@smartblindshub.com, sales@smartblindspro.com","+1 5642626915, 17813858591, (564) 262-6915",Smart Blinds™ - Premium Custom Window Blinds & Shades,"Premium custom window blinds, shades, and shutters. Get expert help with measuring, installation, and find the perfect window treatments for your home or business."
15bac9b5-ed98-47f2-947e-a5202a7bd55a,Glow Far Services and Trading LLC,General Trade,Wholesale Trade Services,Cypress,Texas,77433,21834 Kintai Ridge Drive,41-2943416,,not_crawled,,,,
17d810a6-431b-41bd-9fa3-c4336eabbbd7,Applied Textiles,General Trade,Distribution Services,Byron Center,Michigan,49315,555 76th Street Southwest,38-3046028,https://www.applied-textiles.com,success,contact@applied-textiles.com,"18668916266, 9712159624, 5802272656","Home - Applied Textiles - Alta™, Certified Testing, And More
                -
                Appli",Expert Textile Engineers
1968e378-5ed0-49dc-b1bd-54285b71ba76,ICAI OHIO CHAPTER,General Trade,Others (Services),Mason,Ohio,45040,6217 Green Meadow,,https://icaiohio.org,success,wght@9..144,,ICAI Ohio Chapter | Upcoming Seminar,"Join ICAI Ohio and ICAI Michigan Chapters for a seminar on emerging cross border accounting issues on September 12, 2026 in Livonia, MI."
197ad99b-aba0-4dae-9859-46b6c7193ddf,SOMA BEVERAGE LLC,General Trade,General Trading,Glenview,Illinois,60025,4203 QUINLAN RD APT 202B,88-1746027,,not_crawled,,,,
1a93a164-b114-4003-b55d-62c97fe516a5,Seven Hills IMEX TX LLC,All-India (Agri & Food Processing),Agricultural or Allied Products,Austin,Texas,78731,5900 Balcones Drive Ste 100,39-4694237,,not_crawled,,,,
1b948a9a-c60c-49d9-bc99-ae918913e160,Alphabet Solutions LLC,General Trade,Consultancy Services,Rutherford,New Jersey,07070,chandakpoooja31@gmail.com,33-3080191,,not_crawled,,,,
1d1f8db7-2ccf-4985-a87a-9eea9b5fe498,MANNA FOODS LLC,All-India (Agri & Food Processing),Food Products,Springfield,Virginia,22153,7628 SOUTHERN OAK DR,39-2125804,https://www.MannaFoodsLLC.com,failed,,,,
1eafbc84-69a9-4e19-89fc-73a72a7f8358,NEXTGEN SURFACES LLC,General Trade,"Stone, Ceramic, Glassware, etc.",Monroe Twp,New Jersey,08831,7 HELEN CT,92-3852331,https://NextGenSurfaces.com,success,"trade@nextgensurfaces.com, Trade@nextgensurfaces.com, you@email.com","12707519531, (973) 873 0100, 8756782316",Best Rated Luxury Vinyl Plank Flooring | Nextgen Surfaces Flooring Supplier,"Discover durable, top-rated luxury vinyl plank flooring at competitive prices from NextGen Surfaces, your trusted wholesale flooring supplier for dealers and builders across the USA."
20f55e8a-be29-48cd-a525-fb9f8878cc92,CATION CONSULTANCY,Surat & Mumbai (Gems & Jewelry),Gems and Jewellery Products,Willowmore Cedar Dr,Florida,18929,18929,92-3985603,,not_crawled,,,,
21477e28-e2ef-455c-b8b4-da40275b5b8b,"Real Gems, Inc.",Surat & Mumbai (Gems & Jewelry),Gems and Jewellery Products,Newyork,New York,10036,"36 W 44th ST, Suite 816",13-2807436,https://www.realgemsinc.com,success,"info@realgemsinc.com, online@realgemsinc.com","4515362071, 3105060317, 3285521177",Emerald Colored Gemstones – Real Gems Inc.,"Real Gems sources, cuts and polishes Emerald Rough from Brazil, Colombia, and Zambia to consistently supply the global jewelry industry"
21985a52-ce5c-4a7e-a4c3-9477741d5fdd,SUBIECO USA LLC,General Trade,Others (Goods),Houston,Texas,77420,303 VAT ROAD,38-4379275,,not_crawled,,,,
21d88f08-a645-4726-9f81-70a6c9765a30,SPICY TANGO LLC,All-India (Agri & Food Processing),Food Products,Katy,Texas,77494,8011 CATALINA ISLAND DR,84-2690722,https://www.spicytango.com,success,intl-segmenter@11.7.10,"1.9924062499, 9288338191, 927539.5072","Spicy Tango | South Indian Pickles, Dips and Spices | Katy","Discover the vibrant and robust flavors of Spicy Tango's South Indian-inspired pickles, dips, and spices! Made from tried and tested recipes, these specialty food items are sure to add a delicious pop"
23f5bc3a-e48b-4de5-945f-0cdeb67343f6,KIRTI GLOBAL LLC,Surat & Mumbai (Gems & Jewelry),Gems and Jewellery Products,Cedar Grove,New Jersey,07009,29 CHESTNUT CT,38-4339674,,not_crawled,,,,
297e5cc1-39a6-460a-b624-096ea608be78,RELIANCE SERVICE,All-India (Agri & Food Processing),Food Products,Skokie,Illinois,60076,7518 ST LOUIS AVENUE 1036,20-1741458,https://www.relianceservice.us,success,relianceusa@gmail.com,+1-847-322-2255,Reliance Services,
2ae62de7-6f97-48c3-9573-33b4e9d8e5d1,LIDHI LLC,Tiruppur & Surat (Textiles & Apparel),Textile & Apparel Products,Belmont,California,94002,400 DAVEY GLEN RD,39-4041221,,not_crawled,,,,
2c2e1963-8db3-4441-b4ff-5f95afb78e5e,SinZenArd International Food Manufacturers LLC,All-India (Agri & Food Processing),Food Products,Gravois Industrial Ct,Missouri,10989,10989,34-1983677,,not_crawled,,,,
2c3baa4f-ce9f-45ad-9594-64693ef59128,Prime CargoPeople Logistics Corp,General Trade,Transport and Logistics Service,Lewes,Delaware,19958,16192 Coastal Hwy Lewes,88-2318570,https://www.primecargopeople.com,success,info@primecargopeople.com,"+12019050075, 6157774009, 12019050075","Prime Cargo People Logistics — Freight Forwarding, Customs & Drayage","US-based Logistics Service Provider: ocean & air freight, customs brokerage, warehousing, truckload & drayage across the NY/NJ gateway and worldwide. Get a quote in 15 minutes."
2d8d93aa-8d78-4c27-ad75-9a2f6f032d6f,FreightX Shipping Inc,General Trade,Transport and Logistics Service,Franklin,Tennessee,37067,"3401 Mallory Ln , suite #100",99-2330173,https://www.freightxusa.com/,success,,,FreightX,Cargo Shipping
2e7f28e9-b1a8-42a9-b5b6-97dcc65d84b5,Kitchen Xpress Overseas Inc.,All-India (Agri & Food Processing),Food Products,Philadelphia,Pennsylvania,19154,14001 townend rd.,93-2821341,,not_crawled,,,,
3093cb4c-fd45-4f34-a5c7-55e921ccedf3,KALORAMA SOLUTIONS,General Trade,General Trading,Washington,District of Columbia,20009,1612 BELMONT ST NW,42-3367645,,not_crawled,,,,
3110fc1f-54bf-4413-a209-92953f4042db,SAAJ BY G LLC,Surat & Mumbai (Gems & Jewelry),Gems and Jewellery Products,Ashburn,Virginia,20148,41626 Bloomfield path st,92-2309139,,not_crawled,,,,
31e25611-b388-4f70-8f91-ecddcc3adc2f,Shrishti LLC,General Trade,Handicrafts,Edison,New Jersey,088201467,8 Anthony Avenue,81-2214913,https://www.theurbanhermits.com,failed,,,,
356643df-9d90-4020-832c-dfdcd795f37f,Prime FFE USA,General Trade,Construction and Related Engineering Services,Jerseycity,New Jersey,07306,3143 John F Kennedy Blvd,99-0522481,https://primeffe.com/,success,sales@primeffe.com,"17453857469, 15337394114, 12016047784",Home - Prime FFE - Your Hospitality Partner,"We’ve been a trusted name in hotel & motel furniture case goods and bed frames, lighting for over 8 years and while our products are outstanding, it’s the people, the principles, and the process behin"
356b1358-7ef3-433a-aeb3-ec3e2be57e1f,ReyD Global Logistics,General Trade,Transport and Logistics Service,Nbrunswick,New Jersey,08902,Nishukti Management LLC,33-2400733,https://Reydglobal.com,success,"intl-segmenter@11.7.10, email@company.com, lodash@4.17.23","6716157116, 2147483647, 13055795524",Home | Reyd Global Logisitics,
35d76b02-ffb9-485d-9c0f-06683e4c7479,Samsar Merchandise LLC,General Trade,General Trading,Media,Pennsylvania,19063,160 Daria Rose Court,83-2755022,https://Sportscheckout.com,success,intl-segmenter@11.7.10,"6893330740, 2212321213, 9013671875",Sports checkout | Sporting Solution Custom Cricket Jersey Balls Bats Gloves Wicket,your last stop  is sportscheckout.com  for india cricket jersey and all cricket needs
378d0413-d724-414f-8408-e54e4fb3a95b,,Gautam Buddha Nagar / Noida (Electronics),Electronic Products,San Francisco,California,94108,28 Geary Street Suite 650 #317,42-2552755,https://www.usesyntro.com,success,"hello@usesyntro.com, u003ehello@usesyntro.com","8862621398, 9804979456, 15179764874",Syntro | Procure hardware at the speed of AI,"Syntro automatically discovers, selects, and manages component suppliers, from prototype to production, for every hardware manufacturer in the world."
38996d22-0a07-41aa-abdc-281f9f1563cb,LUXINE LEATHER GOODS LLC,General Trade,Leather Products,Foxborough,Massachusetts,02035,17 FARRINGTON STREET,41-3681893,https://www.luxineleathergoods.com,success,,"6666666666, 3333333333, 2188519169",Luxine Leather Goods,
39748cf1-0904-4004-a6d7-22f0ffb27b0c,Prak Technologies LLC,All-India (Agri & Food Processing),Food Products,Ashburn,Virginia,20148,"42316 Grahams Stable Square, Ashburn VA, USA",81-4227116,https://Praktechnologies.com,success,"intl-segmenter@11.7.10, lodash@4.17.23, hr@praktechnologies.com","915-9602886, 2545352419, 391-9791905","Prak Tech | IT career development | 42316 Graham Stable Square  Ashburn, VA 20148","Prak Tech is your gateway to real-world IT experience and career placement success. Through immersive projects, we equip students with practical skills that IT employers demand. Our dedicated job plac"
39ddbaf9-8e1c-4263-b41d-60fab994c75c,THIRUVIZHA LLC,All-India (Agri & Food Processing),Food Products,Sunnyvale,California,94087,1575 Tenaka pl Apt 2J,92-3747483,,not_crawled,,,,
3b086df0-3c36-4f9d-8cdb-e1c140d60242,THREAD SOLUTION LLC,Tiruppur & Surat (Textiles & Apparel),Textile & Apparel Products,Allentown,Pennsylvania,18104,1945 Knight St Apt 6,85-4101147,https://threadsolution.com/,success,,(484) 602-4897,Home | Thread Solution,
3bc15f81-63d6-43b0-8fa5-ea9ddb33cd75,Cotton King Exports LLC,All-India (Agri & Food Processing),Agricultural or Allied Products,Jonesboro,Arkansas,72404,3639 Leafy Pass,39-4113120,,not_crawled,,,,
3c0f06f4-2b90-47b8-be3d-3dabfd61e3b8,Blue Plate Foods LLC,All-India (Agri & Food Processing),Food Products,Marlton,New Jersey,08053,"Marlton, NJ 08053",99-2252872,https://baabufoods.com,success,mayank@baabufoods.com,"7515084517, 3917045176, 4173593604",Baabu Foods,Desi flavors meet the World
3da1c8a6-6061-4091-9703-737515ef7b2b,VPSONS INC,Surat & Mumbai (Gems & Jewelry),Gems and Jewellery Products,New York,New York,10036,62 west 47th street,27-2542975,,not_crawled,,,,
3f3c6146-28db-4cc7-bb6a-a77bfaf28ad6,Purple Peak Ventures LLC,General Trade,Others (Goods),Sugar Land,Texas,77498,22 Crown Promenade,99-1312874,,not_crawled,,,,
41e41df7-7c0b-4cf0-86ab-7f8f787206de,4RCE logistics inc,General Trade,Transport and Logistics Service,Beaumont,California,92223,35181 Savory Ln,81-4132786,https://4rcelogistics.com,success,,"6399999857, 17892234237, 16277781335",4RCELOGISTICS.COM,
440d8103-bc9f-4e0d-8243-2abfc63dc509,PHYSRECS.COM L.L.C.,General Trade,Retail Trade Services,Alexandria,Louisiana,71301,6405 Tennyson Oaks Ln,,,not_crawled,,,,
491ab380-883e-4bff-bdb4-b246f839d33e,Aura Event LLC,General Trade,Entertainment Services including Audio-visual Services,Bothell,Washington,98012,"3413 182nd PL SE, BOTHELL, WA 98012",39-3793974,,not_crawled,,,,
4a3403d8-025e-43e0-b643-cd519fbc9534,TRIDEVAYUR INC,General Trade,Miscellaneous Products,Columbus,Georgia,31904,7085 SPRING WALK DRIVE,39-3615875,,not_crawled,,,,
4a34d465-7d00-4449-946d-ce143f47784d,All Equipment Corp.,Kanchipuram & Pune (Auto & Engineering),Mechanical and Electrical Equipments,Yauco,Puerto Rico,00698,"Cidra Industrie/Park, Local 2, Carr. 171 Km. 0.5",66-0948145,,not_crawled,,,,
4ab2aaa7-1c3a-4feb-831c-c3e9510fc3c0,A3K LLC,General Trade,Others (Services),Bonney Lake,Washington,98391,19031 129th ST CT E,99-1411568,,not_crawled,,,,
4d35c5a4-547d-4a45-bd7c-954a1885b8be,MAISON DIORRA INC,Surat & Mumbai (Gems & Jewelry),Gems and Jewellery Products,10036,New York,10036,15 WEST 47 STREET,41-3562226,,not_crawled,,,,
4e571347-aa00-4192-aae9-a6a21531205b,VIHAA APPARELS LLC,Tiruppur & Surat (Textiles & Apparel),Textile & Apparel Products,Woodbridge Township,New Jersey,08830,504 Woodbridge Commons Way,92-2038592,https://www.vidarsha.us,success,shop@vidarsha.us,"3872966692, 2712967986, 5083552326",Vidarsha,
4f476767-ef6a-43cf-a8ed-b5c6573a079d,Creative Mithila LLC,General Trade,Handicrafts,Edison,New Jersey,08820,153 Westgate Dr,82-2175821,https://www.creativemithila.com,success,,"3095458623, 12707519531, 15302148515",Creative Mithila – Mithila/Madhubani Art – Traditions and Evolution,
509fabb4-8275-491d-8888-8cc16a4b3049,Seva Ltd,General Trade,"Accounting, Bookkeeping and Consultancy Services",Huntsville,Alabama,35801,"1300 Meridian St, Suite 200A",27-4055491,https://sevaltd.com,success,"tech@sevaltd.com, hello@sevaltd.com","+1-443-914-2223, +1-301-912-3450, (301) 912-3450",Seva Ltd | Certified Public Accountants,"Seva Ltd is a CPA firm specializing in U.S. expat compliance, cross-border advisory, ITIN services, business accounting, crypto tax, assurance, and financial automation."
55fbc811-daa4-4af8-8850-3d2d19e97130,VEASHA,Ahmedabad (Pharma & Medical),"Healthcare Services including services by nurses, physiotherapist and paramedical personnel",Saint Charles,Illinois,60175,241 TOWER HILL DR,41-3749076,https://WWW.VEASHA.COM,success,"bd@veasha.com, business@veasha.com","+1(708)837-3387, +1708-837-3387, +1 708-837-3387",Healthcare Revenue Cycle Management Services | Veasha,This is the homepage of the website
56b44095-6d18-4c3e-a9d8-79e426661458,Radiant Retail LLC,Gautam Buddha Nagar / Noida (Electronics),Electronic Products,Cumming,Georgia,30040,5235 Loring St,41-4541034,https://radiantora.store,success,,"6043657753, 6013020577, 9379860176",RADIANTORA,
5c4c29f9-6d25-45bc-ac8b-c5a35a552b95,VTRENDZ LLC,Tiruppur & Surat (Textiles & Apparel),Textile & Apparel Products,Arlington Cir,Ohio,30907,30907,47-1823922,https://vtrendz.net,success,"info@vtrendz.net, vtrendzllc@gmail.com, webadmin@vtrendz.net","2306437366, 17688821973, 9018101223",Boho Lifestyle,"Unveil your dream style with VTrendz.net. Explore effortless boho fashion, statement dresses, and finishing accessories curated for getaway looks, special moments, and everyday elegance—crafted to ele"
5df0ecd8-6986-4b15-b3cb-0c3deed8ffe3,Eleven House Global LLC,General Trade,Retail Trade Services,Sheridan,Wyoming,82801,30 N gould st ste r,30-1488281,https://Shriharitraders.com,success,support@shriharitraders.in,"9194522718, 9198396689, 8312872237",Shri Hari Traders — Custom Printing & Corporate Merchandise,"India's trusted custom printing partner. Premium T-shirts, caps, mugs, hoodies & corporate merchandise with digital, DTF, screen print & embroidery options."
5f73f8d8-9754-4762-87b8-f8e53e819998,Soum Company,General Trade,Others (Goods),San Antonio,Texas,78260,28414 Allswell lane,39-4817198,,not_crawled,,,,
5fa8544d-83d5-4152-8c3d-6e1d1066d28e,Dhanima Inc,General Trade,Wholesale Trade Services,Sugar Land,Texas,77479,4507 Miller Ridge Ln,,https://dhanimainc.com,success,,,DhanimaInc,
5fc251e6-e194-43cd-8111-502186092aea,Splendour of India LLC,All-India (Agri & Food Processing),Food Products,Philadelphia,Pennsylvania,19922,"1544 N 7 TH ST APT 2 PHILADELPHIA, PA 19122",99-2527648,,not_crawled,,,,
60ea47ec-df77-4ff4-a087-cafd19f025ef,MARG PHARMACY INC,Ahmedabad (Pharma & Medical),Pharmaceutical Products,Staten Island,New York,11206,76 Graham Ave,11-3279315,https://www.katzpharmacy.com,failed,,,,
614b1503-5f5f-46c6-84ea-d8a24a34f3d0,SANTHIGRAM KERALA AYURVEDIC CO. OF US INC,Ahmedabad (Pharma & Medical),"Healthcare Services including services by nurses, physiotherapist and paramedical personnel",Edison,New Jersey,08817,1681 NJ-27,20-5088727,https://www.santhigram.com,success,"info@santhigram.com, info@santhigram.in","8604977676, 14103887978, 7567989152",Home - Santhigram,Bringing ancient wisdom to the modern world for a healthier tomorrow.
616787a2-4c29-498e-8524-4186c2c8f7bd,Sky Vacations Inc,General Trade,Tourism and Hospitality Services,Southfield,Michigan,24701,24701 Swanson Road,38-3718568,,not_crawled,,,,
6649be9b-3d8c-447e-835f-9126b80f2aca,DevQuic,Kanchipuram & Pune (Auto & Engineering),Engineering Products,Bothell,Washington,98012,4419 185th pl se,99-3603149,,not_crawled,,,,
6716932a-cb2a-4ce7-bb59-ed773f4624ac,NUTRIST HEALTH INC,Ahmedabad (Pharma & Medical),Pharmaceutical Products,Clifton,New Jersey,07012,630 BLOOMFIELD AVE,92-1108090,https://www.nutrist.us,success,,"7515084517, 3113611176, 4972176903",Nutrist,We are passionate team of health care professionals and wellness enthusiasts dedicated to providing you with the highest quality supplements that empower your journey towards optimal health. Our story
6904483b-3a67-4e9e-bb37-4bd70c15f89d,Texind Inc,General Trade,Wholesale Trade Services,Hanover,New Jersey,07936,10D Great Meadow Lane,13-4076040,https://www.texindinc.com,success,"intl-segmenter@11.7.10, info@texindinc.com, lodash@4.17.23","5416666666, 8913079044, 7599559548",Wholesaler and Manufacturer of Textiles | Texind Inc. | United States,"Texind Inc. is a manufacturer and distributor of fabrics, trims, wallpapers based out of USA with mills and workrooms in India. Working with interior design trade across globe."
699ed722-449e-437b-84fc-3c35f38fbbbe,Smitha Deepak LLC,General Trade,Others (Goods),Danville,California,94506,558 Blackhawk Club Dr,87-2039246,,not_crawled,,,,
69a06d0c-da0b-404a-b95f-63ece0c1fa01,OREGREY LLC,Bharuch & Jamnagar (Chemicals & Energy),Mineral and Petrochemical Products,Portland,Oregon,97217,6905 N FENWICK AVE,42-3179536,,not_crawled,,,,
6d59417d-59f7-4ce8-814f-b836358e5e28,Nature’s Craft inc,Surat & Mumbai (Gems & Jewelry),Gems and Jewellery Products,Rutherford,New Jersey,07070,155 Montross Ave,,https://www.etsy.com/shop/NaturesCraftStudio,failed,,,,
7228d17d-c01e-4e34-af82-35259570b0eb,AXL Bearings and Industrial Solutions,Kanchipuram & Pune (Auto & Engineering),Engineering Products,Highlandpark,New Jersey,08904,99 Orion Rd,39-4480878,,not_crawled,,,,
72593ef2-57e6-42c4-9c82-da5f0af397ee,JEEVAM LLC,All-India (Agri & Food Processing),Food Products,Santa Clara,California,95054,"3964 Rivermark Plaza, Unit 2531",39-2932882,,not_crawled,,,,
73b14971-e463-4d0c-baa0-e360a89d0cc2,Fabulous Cartz LLC,Tiruppur & Surat (Textiles & Apparel),Textile & Apparel Products,Dover,Delaware,19901,"8 The Green, # 22391, DOVER, DE 19901",33-4881954,https://www.fabulouscartz.com,success,support@fabulouscartz.com,"1 605 349
1229, 6756599266, 1288 365 1337","Fabulous Cartz | Buy & Sell New & Pre-Loved Indian Ethnic Wear, Jewelry & Accessories","Discover Fabulous Cartz: Your ultimate destination to buy, sell, and relove new and pre-owned Indian ethnic fashion, traditional jewelry, footwear, bags, and dance costumes. Love. Wear. Sell. Repeat."
73da46b1-711f-4b98-b2d5-d062432f6ca1,INFOCLOUD SOLUTIONS LLC,General Trade,Information Technology (IT & ITES) Services,Pleasanton,California,94566,387 Mullin Court,81-3972668,https://www.infocloudcorp.com,success,info@InfoCloudcorp.com,4445535400,InfoCloud Solutions,
75b964fd-8d78-4558-a82b-7e3b936bc772,"Drashti Medical Solutions, LLC",Ahmedabad (Pharma & Medical),Medical or Surgical Instruments,Rockledge,Florida,32955,3254 Hawthorne Ave,20-5987600,https://www.drashtimedical.com,failed,,,,
75ee798d-0dc4-44c0-9fc7-038cab93955d,BulkMagic LLC,All-India (Agri & Food Processing),Agricultural or Allied Products,Newyork,New York,10044,888 Main St Apt 139,99-4522418,https://www.bulkmagic.co,success,,,"BulkMagic - Redefining How the World Shops, Together",BulkMagic delivers the tools and strategies businesses need to grow locally and expand globally. From storefronts to supply chains.
77008761-da6f-48ad-9aa7-db380e1263c2,New York Business Advisory & Corporate Services In,General Trade,"Accounting, Bookkeeping and Consultancy Services",New York,New York,10005,99 Wall Street Suite 1079,85-0793287,https://www.nybacs.com,failed,,,,
7a68494e-a363-4c53-bd49-aacc09084f5c,"Ruvo, Inc.",General Trade,Information Technology (IT & ITES) Services,San Francisco,California,94114,"584 Castro St, Suite #4032",99-2094180,,not_crawled,,,,
7abc8046-41e7-42a9-bd82-32d1e48d41d7,RUDRAS COMMERCIALS INC,All-India (Agri & Food Processing),Food Products,Friendswood,Texas,77546,3806 TAMMONY PARK LANE,87-1869458,https://www.rudrasfoods.com,success,"intl-segmenter@11.7.10, rudras.geetha@gmail.com","4399995803, 8915039724, 4188940697",Rudras Indian Cuisine | Pure Vegetarian South Indian Restaurant | Friendswood TX,"Authentic South Indian vegetarian food in Friendswood, TX. Dosas, Idli, Biryani, Chaats, Sweets & weekend Lunch Buffet. Catering & Live dosa events. Serving Houston, Friendswood, Pearland & League Cit"
7e523a34-102d-458e-a27a-72e4a247b799,Kay Bee Fruits Inc,All-India (Agri & Food Processing),Agricultural or Allied Products,Dover,Delaware,19904,"160, Greentree drive Suite 101",82-0882970,https://kaybeemangoes.com/,success,contact@kaybeeexports.com,"6156081708, 19137529079, 9122415789",KayBee Mangoes | Best Premium Imported Alphonso Mangoes in U.S.,
7fefe5c7-ca35-457e-bbf2-ffd3c339a531,DeeBeCon Inc,General Trade,Information Technology (IT & ITES) Services,Nashua,New Hampshire,03062,"1 Tara Blvd, STE LL7",,https://www.deebecon.com,success,"jobs@deebecon.com, sales@deebecon.com, resumes@deebecon.com","16928999999, 603-891-1200, 603-891-1452",DeeBeCon - Information Technology Solutions,
8225b4d6-dc01-4020-b769-5d3340114e7d,ENCHANTED TEAS LLC,All-India (Agri & Food Processing),Food Products,Lynnwood,Washington,98036,18814 75th Ave W,99-1800327,https://www.enchanted-teas.com,success,"intl-segmenter@11.7.10, info@enchanted-teas.com","2873559821, 4704911951, 841463.4911",Enchanted Teas LLC | Premium tea blends,"Discover Enchanted Teas, a premium tea brand offering handcrafted, organic blends designed for wellness and relaxation. From rare butterfly pea flowers to seasonal holiday teas, our curated collection"
83ae91d1-5d4b-427d-bf7b-a0f97b7e760d,PHYSICIAN CARE TEAM LLC,Ahmedabad (Pharma & Medical),"Healthcare Services including services by nurses, physiotherapist and paramedical personnel",Windermere,Florida,34786,9927 GRIFFIN COURT,39-4062088,https://www.physicianscareteam.com,success,,,Physicians Care Team,Physician Care Team official website
83c87675-47db-404a-9eac-92c59f3f75fe,Provise Garrety Global LLC,General Trade,"Accounting, Bookkeeping and Consultancy Services",Baton Rouge,Louisiana,70816,11816 Sunray Avenu,41-2866641,https://www.provisegarrety.com,success,info@provisegarrety.com,(225) 330-3983,Provise Garrety Global | Nationwide CPA Services,"CPA-led accounting, tax planning, audit, and business consulting for businesses across the United States. Based in Baton Rouge, LA."
842178d3-3961-4ccb-8d40-1374e803a591,OMERA WELLNESS LLC,All-India (Agri & Food Processing),Agricultural or Allied Products,Dover,Delaware,19901,8 THE GREEN STE A,42-4652551,https://omerawellness.com/,success,,,omerawellness.com,
849299f9-5fc4-433b-8a49-c47f4d1ec5f2,Global Natural Resources,General Trade,Wholesale Trade Services,Lincolnshire,Illinois,600692107,"Linclolnshire, IL",,https://globalnaturalresources.co/,failed,,,,
86944d63-f5e4-47bf-949c-cae36687ee4b,Sri Medha Global Traders,All-India (Agri & Food Processing),Food Products,Atlanta,Georgia,30350,8735 Dunwoody Pl,33-5021352,https://srimedhaglobaltraders.com/,success,info@indiantypefoundry.com,"6579712652, 3489759000, 6666666666",Sri Medha Global Traders,
89bfb5dd-5da7-4ed3-b681-2cc0b4e7d10d,YOOKTI INC,General Trade,Advertising Services,Frisco,Texas,15071,15071 Rollover Pass Ln,41-3678406,https://yookti.com/,success,,"228.408.5608, 816.895.4217, 2026050515",AI-Powered Global Digital Marketing Agency | Yookti,"Yookti, a Team Pumpkin venture, is a global digital marketing agency blending AI-powered solutions with technology-driven strategies to drive real growth."
8b8a3f48-6d07-44c3-87c2-d001ebbe9820,SURINENI LLC,General Trade,General Trading,Memphis,Tennessee,38017,1775 FERNHALL COVE,,,not_crawled,,,,
8b998072-c22a-42a6-8e88-efc53c0409d8,OSR SALES LLC,General Trade,Wholesale Trade Services,Edison,New Jersey,08837,125 NEWFIELD AVENUE UNIT C,47-3971171,https://osrsales.us,success,,"17597550595, 17597552435, 7496969728",OSR – OVERSEAS RESOURCES,
8bfc233f-d7d2-4e56-862d-a9c6a6ad17aa,TechEra Engineering (USA) Inc.,Kanchipuram & Pune (Auto & Engineering),Engineering Products,Atlanta,Georgia,30328,"6065 Roswell Road, Suite 700-125",39-3622321,https://techera-us.com,success,info@techera-us.com,"+1 943 241-8044, 17137684005, 17033303599",Techera,
8d6d4c61-9f5c-4484-8e92-688ba06b88b1,Diamour Inc.,Surat & Mumbai (Gems & Jewelry),Gems and Jewellery Products,New York,New York,10036,36 west 44th street,68-0521641,https://www.diamour.us,success,wght@100..900,6157346053,Diamour,
8dafcc72-a04b-48ed-a8d9-9118aee70288,Soul Lumos LLC,Ahmedabad (Pharma & Medical),"Healthcare Services including services by nurses, physiotherapist and paramedical personnel",98059,Washington,98059,"13398 Newcastle Commons Drive, Apt 634",99-3633890,,not_crawled,,,,
8e03ad0b-0de1-49f0-8932-fe801ee36914,Sumvid Solutions LLC,General Trade,Information Technology (IT & ITES) Services,Frisco,Texas,75035,14752 Holly Tree Ln,87-1252718,https://sumvid.ai,success,cc@sumvid.ai,,"Sumvid Solutions - AI-First Software, Data & Mobile Development","Sumvid Solutions - AI-first software development, data engineering, ML/AI solutions, and Android apps for all form factors. Remote team delivering 10X solutions."
9211fdb8-2b36-4c08-990b-fac671ba4e11,Empire Circuits LLC,Gautam Buddha Nagar / Noida (Electronics),Electronic Products,Piscataway,New Jersey,08854,"PISCATAWAY, NJ 08854",87-2720359,https://Www.empirecircuits.com,success,-sales@empirecircuits.com-,"267-421-8165, 17134969778",Empire Circuits – Express Solutions!,
93295349-3105-477e-89b7-76a0ff0f81ca,iMETAL L.L.C.,Kanchipuram & Pune (Auto & Engineering),Metal & Articles of Metal,Avenel,New Jersey,07001,3721 S VILLAGE DR,93-2807639,https://imetalllc.com/,success,contact@imetalllc.com,+1-848-229-1170,iMETAL | International Scrap Supply Chain Partner,U.S.-based scrap supplier exporting ferrous and non-ferrous materials from the Americas to Asia's leading recyclers.
99b6cda8-70c3-4f56-93e3-114a4f62c325,METHODIC LLC,General Trade,Education Services,Ashburn,Virginia,20148,43003 Rosemount Woods Ter,,https://themethodic.com/,success,"filler@godaddy.com, eben@eyebytes.com","2824299059, (703) 884-1330, 6714367155","The Methodic - Salesforce Partner, Salesforce Consulting","With over 15 years of experience architecting solutions, Methodic is a Salesforce partner that helps clients get best value out of their Salesforce investment."
9b3ee3f3-027f-42a5-b10d-aac8628392e9,KRIS International LLC,General Trade,Others (Goods),Tracy,California,95377,6822 Seraphina Drive,83-4476209,https://www.jdneelhealthcare.com,success,info@jdneelhealthcare.com,"+1-408-816-9750, (408)816-9750, (408) 816-9750",JD Neel Healthcare | Premium Medical Packaging Solutions,"Premium healthcare packaging solutions for pharmacies. Medical-grade vials, bottles, and containers with FDA compliance and same-day shipping across the Bay Area."
9bc9b517-9724-404f-9a31-de04c7a7dfbc,Virya LLC,All-India (Agri & Food Processing),Agricultural or Allied Products,Kirkland,Washington,98033,"12023, NE, 100th place",92-3690326,https://www.naturesflavorz.com,success,"intl-segmenter@11.7.10, lodash@4.17.23, core-js-bundle@3.2.1","2147483647, 3372578893, 4802491739",Our Indian Mangoes | Natures Flavorz,
9be8bd5a-5355-4df3-8f90-b8ba6d7bd161,BigWin,All-India (Agri & Food Processing),Food Products,Holly Springs,North Carolina,27540,7133 rex rd,88-0944496,,not_crawled,,,,
9cf76e38-d391-4495-a7dc-4d7a05a532d0,SRKLLC,All-India (Agri & Food Processing),Food Products,Maple Valley,Washington,98038,23603 228th Place Southeast,,,not_crawled,,,,
9df929db-a1ce-47d8-b35f-a63fca76de88,Krishil Corporation,General Trade,General Trading,Coppell,Texas,75019,416 Beacon Hill Drive,82-4276902,,not_crawled,,,,
9e111604-e06f-4818-b79e-44599f50e1ce,POLYMER BAZAAR US,Bharuch & Jamnagar (Chemicals & Energy),Chemicals or Allied Products,Houston,Texas,77063,8820 Westheimer Rd,42-2744267,https://www.polymerbazaar.com,success,,,POLYMER BAZAAR - Latest Polymer & Petrochemical News and Prices | 20+ Years Trusted,"Trusted 20+ years - Global polymer price intelligence, market trends, and bazaar insights for PP, HDPE, LDPE, LLDPE, PVC, PET, PS, EPS. Real-time pricing, crude oil data, feedstock offers, and market "
a0fd49a7-bd56-4932-9bc2-c24651b72959,Law Office of Libby Babu Varghese,General Trade,Legal Services,New York City,New York,10006,"75 West Street, #6D",41-3143497,https://lbvpatents.com,success,,2218410610,Home - lbvpatents,
a1cd305a-e80a-4e2c-a5e3-a438823ef30d,DRUNK DESI IMPORTS LLC,General Trade,Wholesale Trade Services,Princeton,New Jersey,08542,300 WITHERSPOON ST STE 201,99-4010206,https://Pitaraco.com,success,wght@12..96,"14448904753, 15784492621, 5103983231",Pitara Co.,"Indian coffee grown by smallholders, paid at least 1.2X the market wage. Single-Origin Arabica, Robusta-Arabica blends, and traditional South Indian filter coffee (kaapi) available for order."
a285a9be-d05f-47f1-a8f9-8cbe2f80ab3a,Honorex Technologies LLC,General Trade,Consultancy Services,Maple Valley,Washington,98038,27206 212 AVE SE,92-2076289,https://www.honorextechnologies.com,success,info@honorextechnologies.com,"15399437556, 5858417929, 3689916004",Honorex Technologies - Index,
a365c059-ee90-49d5-9192-32887c896cfe,AR4 Agro International LLC,All-India (Agri & Food Processing),Food Products,Sheridan,Wyoming,82801,30 N Gould St Ste R,36-5011740,https://www.ar4mangoes.com,success,intl-segmenter@11.7.10,"755-5339974, 3314258766, 9288338191",AR4 Mangoes | Buy Indian Mangoes Online,"Get farm-fresh Indian mangoes online from AR4 – chemical-free, home delivered in USA. Banginapalli, Himayat & more!"
a52b01ad-d888-480e-b0ab-6657abec53d5,ONE ASSET MANAGEMENT LLC,General Trade,Real Estate Services,Greenwich,Connecticut,06870,45 Old Kings Hwy,47-5229110,https://Oneassetm.com,success,,,"One Asset Management LLC â Stamford, CT",
a9c83ccd-4c66-46a6-a407-331d3be05dff,Rootsie Pure LLC,All-India (Agri & Food Processing),Food Products,City of Sammamish,Washington,98075,27720 SE 30th St,42-2977594,,not_crawled,,,,
aa9de1f6-fc88-429f-82a2-c7bd5ae7a359,NORTHSTAR HOLDING LLC,General Trade,Handicrafts,Pewaukee,Wisconsin,53072,"N46W22987 CHARLOTTE WAY PEWAUKEE, WI 53072",93-2758116,,not_crawled,,,,
acb88df0-436f-4b49-8346-695b1425edc7,Aero Science International LLC,General Trade,Education Services,Martinez,Michigan,30907,Aero Science International LLC,83-2233784,https://airAGS.com,failed,,,,
ae3575b7-4500-4839-9cfe-710d1ccc9f07,OATSY LLC,All-India (Agri & Food Processing),Food Products,Bend,Washington,98045,985 SW 11TH PL,33-4683062,https://oatsy.com,success,"your@email.com, hello@oatsy.com",6463119993,Oatsy â More than just Oats,"Ancient grains and global flavors â a complete breakfast in every packet. Japanese Matcha, Kesar Rabdi, Dubai Chocolate, and more."
ae952bba-1bb2-47cd-b561-120baa461266,KANAKA-COLLECTIONS,Tiruppur & Surat (Textiles & Apparel),Textile & Apparel Products,Milford,Connecticut,06460,31 ROBERT TREAT DR APT A,33-3982728,https://www.kanaka-collections.com,success,,"14752571435, 4057711735, 3593550638",Kanaka Collections,"Discover exquisite sarees, jewellery, blouses and more at Kanaka Collections."
af20dd96-6855-4753-a4f0-ed739ed99fd2,"HOMENEEDS, INC.",All-India (Agri & Food Processing),Food Products,Bellevue,Washington,98007,2245 148TH AVENUE NE,20-4106384,https://apnabazarstores.com,success,,"7496969728, 17213941981",Apna Bazar | Fresh Produce | Groceries | Organic,
af5dc994-6c07-4319-9d32-df47ec367679,Manam Philly LLC,General Trade,Retail Trade Services,Philadelphia,Pennsylvania,19701,1939 Arch street,82-5517873,https://www.thanalphilly.com,success,info@thanalphilly.com,(215) 515-2511,THANAL Indian Tavern | Restaurant - thanalphilly.com,
af931472-f8ae-48fb-925d-64660b09a628,Global Import Solutions LLC,Kanchipuram & Pune (Auto & Engineering),"Automobiles, Aircrafts and Other Transport Equipment",Miami,Florida,33131,"1201 Brickell Avenue, Suite 2200",,,not_crawled,,,,
b1ae2e2d-40f4-45b9-8ed6-85644d62fc2e,,General Trade,General Trading,Sheridan,Wyoming,82801,30 N GOULD ST STE R,39-2847904,https://www.shreyaoverseas.in,failed,,,,
b47af8ec-3f73-47ff-b8d2-0cdfe1398213,ANITAS NATURAL KITCHEN LLC,All-India (Agri & Food Processing),Food Products,Cresskill,New Jersey,07626,205 VACCARO DRIVE,83-2910452,https://satyablends.com/,success,,"14448904753, 7306885103, 16642732878",Satya Blends | Indian-Inspired Spices for All Cuisines,"Explore the bold, authentic flavors of Satya Blends. From curated spice bundles to individual blends, elevate your cooking and baking with clean, vegan, and gluten-free spices inspired by Indian tradi"
b57120eb-b0b3-41f3-87fa-496736e889f8,Mandava Traders Corporaion,All-India (Agri & Food Processing),Agricultural or Allied Products,Irving,Texas,75038,"1300 W Walnut hill Ln, Ste 159",46-5513666,,not_crawled,,,,
b5c5f0bb-9f4a-4874-b24d-c86abf683aa3,LAW OFFICES OF SANJAY CHAUBEY,General Trade,Legal Services,Newyorkcity,New York,10017,"144 EAST 44TH STREET, STE 703",30-0185483,,not_crawled,,,,
b71911c5-a062-4a57-bcb2-c277cbe601fc,Royal India USA,Surat & Mumbai (Gems & Jewelry),Gems and Jewellery Products,New York,New York,10036,"10 West 46th St.,",46-4822071,https://www.riujewels.com,success,,6325024613,RIU Jewels,
ba540fbe-384a-4c31-bd7b-be8160b06737,ARRA GLOBAL LLC,Tiruppur & Surat (Textiles & Apparel),Textile & Apparel Products,Mountain House,California,95391,146 EAST MCCLINTOCK LANE,42-1796676,https://arragloballlc.com/,success,arraglobal48@gmail.com,"+12095978061, +1-209-597-8061, (209) 597-8061",ARRA Global LLC — The brand behind your brand,"ARRA Global is a US-based wholesale sourcing partner — premium apparel manufacturing through Saffron International in Tiruppur, India. Private label, sampling-led, factory-direct."
bafa2668-588f-47c0-9eaf-11f3021b7268,Sky Bird Travel,General Trade,Others (Services),Southfield,Michigan,48033,24701 Swanson Road,38-2113644,https://www.skybirdtravel.com,success,"Jitin@skybirdtravel.com, info@skybirdtravel.com, bootstrap@5.2.3","637659.1675, 369517.8076, 4294967296",Sky Bird Travel - #1 Airline Consolidator to Book Airfare,"Sky Bird Travel & Tours is the nation's leading airline consolidator, providing travel advisors access to book flights, hotels, travel insurance, and more!"
bd96ee51-a161-4a33-8544-3c5042044eb8,Seven Seas Trading,General Trade,Construction and Related Engineering Services,Anderson,Wisconsin,29625,"ANDERSON, SC 29625",86-2912535,,not_crawled,,,,
be0fd775-de04-4e34-9e2d-c11d8a9a3407,ADVENTURE TRIPR INC,General Trade,Tourism and Hospitality Services,Bellevue,Washington,98005,1432 136TH CT NE,84-2233740,https://adventuretripr.com/,success,your@email.com,"6852228079, 377-8682168, 759384-0242",Adventure Trip: Affordable and Luxury Tour Packages for Domestic & International Travel,Explore affordable and luxury tour packages with AdventureTripr – offering unforgettable domestic and international travel experiences.
bf6e553d-6632-443e-8a29-54d291ebc4d1,JSJ IMPORTS LLC,All-India (Agri & Food Processing),Food Products,Guildhall Dr.,Virginia,20148,42393 Guildhall Dr,81-2484977,https://www.usmangowale.com,success,,"7515084517, 3113611175, 7357999203","US Mangowale & Vistaraku
 – USMangowale","Buy premium Indian mangoes in the USA from USMangowale — Alphonso, Kesar, Banginapalle, Rasalu, Himayat, Dasheri, Langra & more. Fresh, USDA-approved, and air-shipped from India to your door. We also "
c019d4c7-9bf9-488d-a34e-9511029b8892,KRISTI CORPORATION USA,Bharuch & Jamnagar (Chemicals & Energy),Chemicals or Allied Products,Piscataway,New Jersey,08854,2 Lakeview Avenue,,https://www.kristicorpusa.com,failed,,,,
c031630f-40f0-4f16-9542-dfa159418808,Luminocity,General Trade,Handicrafts,Aurora,Illinois,60504,809 Station Boulevard,39-4535788,https://www.luxecraft.us,success,contact2ash@gmail.com,"7515084517, 7079171801, 7925213855","luminocity.com
 – LuxeCraft",
c1339bc0-b6e0-4095-ab08-fdbcda00dce8,SRI LAKSHMI NARASIMHAR OVERSEAS LLC,All-India (Agri & Food Processing),Food Products,Piscataway,New Jersey,08854,140 Ethel Rd W Unit J,82-4159247,https://www.srilno.com,success,"sales@srilno.com, sweetalert2@10.16.7, 20sales@srilno.com","6109131616, 6736013525, 3763022238",Bliss Tree - Reap Happy Living,Buy directly from the manufacturer and save money. No preservatives. No additives. Millets. Flours. Vermicelli. Instant mixes. Cookies. Gluten free. Palm Jaggery. Palm sugar. Pongal. Rava dosa. Chapat
c21caac8-3ef5-4e94-96fa-9f84283f142b,TLABS LLC,General Trade,Information Technology (IT & ITES) Services,Chesterfield,Missouri,63017,400 CHESTERFIELD CTR STE 400,88-2153596,,not_crawled,,,,
c2ab27e1-fe54-4d19-9c1d-00533760f9ff,Ayra Ventures LLC,General Trade,Handicrafts,Bradenton,Florida,34212,910 Fernleaf Run,93-2805023,https://Shopatsukoon.com,success,support@shopatsukoon.com,"2486144891, 2284454147, 9593792117",Hindu Deity Statues & Home Decor | Shop At Sukoon,"Sukoon celebrates Indian heritage through handcrafted deity statues and home decor, promoting spirituality, artistry, and a sense of peace in every home."
c63474ad-d773-4c90-bf3e-3ff26f211bb7,DIRECT source from factory LLC,Kanchipuram & Pune (Auto & Engineering),Metal & Articles of Metal,Anderson,South Carolina,29621,109 Preamble Ct,41-4284505,https://directsourcefromfactory.com,success,,"6666666666, 3333333333",directsourcefromfactory.com,
c6474534-aee8-47b4-b36f-cd062eb0e179,KEYUR KANTILAL RUPAREL,General Trade,General Trading,Houston,Texas,77081,5934 Hornwood dr,,https://acevionllc.com,success,"contact@acevionllc.com, info@transhub.com","14835950528, 346-368-1999, 3463681999",Acevion LLC – Global Logistics & Freight Solutions,"Acevion Logistics offers reliable freight forwarding, air & sea shipping, customs clearance, and end-to-end supply chain solutions worldwide."
c8c3b2f3-6c7c-49c0-80af-3f43b0147e6f,GREAT DIAM INC,Surat & Mumbai (Gems & Jewelry),Gems and Jewellery Products,Ny,New York,10036,"592 FFITH AVENUE, SUITE 5B",84-2833314,https://WWW.GREATDIAM.COM,success,info@greatdiam.com,,Great Diam,"Great Diam is an Internationally Recognized Specialist of Special and Unique Diamond Cuts. Manufacturer of Perfectly matched, versatile Matching Diamonds Pairs & Side Stones. Buy diamonds directly at "
c8f6ebb6-13b3-4420-9a1d-d69b84cfd19c,AUM AYURVEDA INC,General Trade,Others (Goods),New York City,New York,100013011,1 W 34th St Suite 902,47-1714687,https://www.nyayurveda.com,success,sageandblossom@gmail.com,"2026091008, 15844796065, 14483671775","Ayurvedic Doctor NYC, Ayurvedic Consultation NYC, ayurvedic treatments, Panchakarma Therapies, Shiro","At New York Ayurveda & Panchakarma Center, we offer ayurvedic consultations,  a large variety of Ayurvedic Herbs & Skin Care Products, Ayurvedic Treatments, Panchakarma Therapies, Ayurvedic Consultati"
ca079aee-6cb5-49ea-8b09-1a9650bdbda2,AdMark Solutions LLC,General Trade,Advertising Services,Splainfield,New Jersey,07080,"50 Cragwood Road, Suite 111",20-4593185,https://www.admarkllc.com,success,"piraan@admarkllc.com, shyamal.modi@admarkllc.com, wght@200..800","+1-732-316-1947, +1-732-763-6601",Admark,
ca3a0186-aaff-47f3-bc79-abe5debc4550,KORA BUSINESS SOLUTIONS LLC,General Trade,Wholesale Trade Services,Branchburg,New Jersey,08876,"971 US HIGHWAY 202N STE N, BRANCHBURG, NJ 08876",,,not_crawled,,,,
cb747053-0d4d-40f4-8455-bc8fbeba229f,PREMIUM BEVERAGES LLC.,General Trade,Others (Goods),Lynnwood,Washington,98036,6125 202ND ST SW,81-0775088,,not_crawled,,,,
ce9bcb7d-ba4f-49e4-9658-caf58f5dcf5b,"LAYEREADY, INC.",General Trade,Information Technology (IT & ITES) Services,Newark,Delaware,19713,Layeready Inc,,https://www.layeready.com,success,info@layeready.com,7203733362,Layeready - AI Data Center Infrastructure,Purpose-built data centers for AI workloads with optimized deployment strategy
d08f7c1a-2d6e-457b-ad3e-540b15569f4d,DURGA MARKETING LLC,All-India (Agri & Food Processing),Agricultural or Allied Products,Iselin,New Jersey,08830,846 GREEN ST,33-2025911,,not_crawled,,,,
d5808ad1-3e63-442b-9649-459e89a96c8d,"VHC Brands, Inc",Tiruppur & Surat (Textiles & Apparel),Textile & Apparel Products,Branson,Missouri,65616,211 South 3rd Street,,http://wholesale.vhcbrands.com,success,,"417-334-3099, 2312052678, 4173343099",VHC Brands,
d5b4dc4e-33f2-408a-967f-02a5d291f613,GALACTIC ENTERPRISES,General Trade,Others (Goods),Glen Allen,Virginia,23059,4704 fry landing dr,88-4226922,,not_crawled,,,,
d6834eaf-2cf9-4ad5-9c17-78da0b6ce365,Westex Group,General Trade,Others (Goods),Rockville,Maryland,20850,20 Courthouse Sq Suite 219,52-1312303,https://westexgroup.com/,success,,"2549019607, 6509803921, 4705882352",,
d68e2c1a-31b7-41ac-8bc0-d1d1c9fe52de,INNER PLANE,Surat & Mumbai (Gems & Jewelry),Gems and Jewellery Products,Rego Park,New York,11374,"REGO PARK, NY 11374",85-2187562,,not_crawled,,,,
d937179c-d600-4fda-a750-58d9568a6392,SKYTECH SERVICES INC,General Trade,Information Technology (IT & ITES) Services,Piscataway,New Jersey,08854,371,82-3875985,https://www.skytechservices.info,success,sky@skytechservices.info,"1 512-293-4891, 6155515666",SKYTECH – Your Vision is Our Mission,
da3515ca-ea20-4fc7-a85c-26fb04444389,JUTE PACIFICA LLC,General Trade,Others (Goods),Vancouver,Washington,98664,8806 NE 17TH ST,42-4522826,,not_crawled,,,,
dbf8fa58-48d5-4f84-b73e-923fab4f9644,Valmark Energy LLC,Kanchipuram & Pune (Auto & Engineering),Engineering Products,Katy,Texas,77450,STE 53,32-0719480,https://www.valmarkenergy.com,success,sales@valmarkenergy.com,"+1 832 437 0449, 17376380857",Val Mark,
dd616319-0043-4bb2-a25e-e499df69ad2b,Fresh Flours LLC,All-India (Agri & Food Processing),Agricultural or Allied Products,Chattanooga,Tennessee,37412,6674 Ringgold Rd,86-2838540,,not_crawled,,,,
dd9426a9-8fa4-43c1-bd41-6bc0dc20ec36,Neha Singhania Interiors,General Trade,Others (Services),Franklin,Tennessee,37067,1044 Nolencrest Way,92-2550054,https://NehaSinghania.com,success,neha.213@gmail.com,"17787547174, 3108705386, 16294044451",Neha Singhania Interiors – Putting a home together is a joy,
e0291093-25ca-40e9-830d-1f11f011b3b1,KORDELL GROUP INC,General Trade,Others (Goods),Atlanta,Georgia,30350,8735 DUNWOODY PLACE STE N,42-2659350,https://kordell.us/,success,,"+12345678912, 331.546 1139, 215.716 1139",Kordell Group,
e2ee9ecb-1d70-483f-9875-4fa56cfbe308,AKSHAYA VIKAS ENTERPRISES LLC,General Trade,"Accounting, Bookkeeping and Consultancy Services",Chantilly,Virginia,20151,13628 88-4015483,88-4015483,,not_crawled,,,,
e4371c4d-0baa-4a06-9ae7-c64f6bf22121,SPUNDHANN INC,General Trade,Handicrafts,Milpitas,California,95035,1586 Hidden Creek Ln,88-3296078,https://spundhann.com/,success,arpita@spundhann.com,"4675806161, 4646163426, 6043657753",Handmade Festive Decor and Gifts | Spundhann,"Shop handmade festive decor and gifts at Spundhann. Discover unique, beautifully crafted pieces perfect for every celebration."
e49296c3-d22f-4c06-beb1-da3a9088289e,"/disregarded entity name, if different from above",General Trade,Information Technology (IT & ITES) Services,Redmond,Washington,98052,17664 NE 119th Ct,33-1190363,,not_crawled,,,,
e62729ae-ba31-4017-ab7b-08a4736042fd,Thoughtminds Tech Sales and Billing LLC,General Trade,Information Technology (IT & ITES) Services,Ste N,Wyoming,82801,30 N Gould St,41-3490565,https://thoughtminds.ai/,success,,"6953722837, 6072825964, 1.4285714285",Leader in Enterprise AI - ThoughtMinds,"Transform your enterprise with ThoughtMinds AI business solutions plus artificial intelligence technology, generative AI consulting, and AI development."
e689173f-ff5f-43fc-9435-f90e3db434f2,Anafab LLC,General Trade,Miscellaneous Products,Austin,Texas,78731,5900 Balconies DR STE 100,99-1314795,https://anafab.com,success,orders@anafab.com,"7515084517, 18085353172, 2356847421","Buy Indian Saree, Kurtis, Dresses and Lehengas in USA. Free Shipping!
 – Anafab.com","Explore authentic and best Saree, Silk Saree, Kanjivaram Saree, Banaras Saree , Paithani Saree and many more sarees along with Indian dresses, Kurtis, and Lehengas at anafab.com. Elevate your style wi"
e69837ca-3a8c-4144-982a-35dd66a14267,Earth Enterprise Fulfilment LLC,General Trade,Transport and Logistics Service,Jersey City,New Jersey,07306,"54, Dales Avenue,",83-3330651,,not_crawled,,,,
e6aa3e5f-afa3-4989-83b0-51c75dda0aed,Selltivity,General Trade,Retail Trade Services,Dallas,Texas,75001,"ADDISON, TX 75001",33-3242850,,not_crawled,,,,
e823c851-7d94-4d45-8e05-f7dd98cf9376,Mveda Inc,General Trade,Miscellaneous Products,Hicksville,New York,11801,"21 Woodcrest Rd, Hicksville, NY 11801",92-1768199,https://www.neemtra.com,success,,,neemtra.com,
e9510aab-ebca-44b2-b284-d63d732c6d9f,BRJU InfoSec Inc,General Trade,Information Technology (IT & ITES) Services,Westmont,Illinois,60559,129 Prairie Dr,99-1142587,https://www.brjuinfosec.com,success,,,BRJU Infosec - Enterprise Security & Forensics Labs,
ea889d15-566f-4ba9-99ac-3245bd01635d,VISOL INC,General Trade,Others (Goods),Plano,Texas,75074,859 J Pl A,41-4986359,,not_crawled,,,,
eb77f3d3-7d67-491d-b4df-446d682c9093,AUSTEREX INC,Tiruppur & Surat (Textiles & Apparel),Textile & Apparel Products,Sheridan,Wyoming,82801,30 N GOULD ST STE R,35-2925513,,not_crawled,,,,
ece67a56-d747-4b93-ad80-2f217722b57b,C2FOR CONSULTING LLC,Kanchipuram & Pune (Auto & Engineering),"Automobiles, Aircrafts and Other Transport Equipment",Avon,Ohio,44011,39503 Shoreman Dr,41-3994980,,not_crawled,,,,
edf786b3-82a5-421d-862f-72419891f0de,PERSEVERANCE APPLIED SCIENCES LLC,Kanchipuram & Pune (Auto & Engineering),Engineering Products,Tracy,California,95377,2690 RIO GRANDE DR,41-3449829,,not_crawled,,,,
ee37d477-9fc1-4d00-82c8-664762f5ab2a,BRAHMAPUTRA TOURS INC,General Trade,Tourism and Hospitality Services,Winchester,Massachusetts,01890,51 GRAYSTONE CIR,39-3524671,https://www.brahmaputratours.com,success,,,,
ef008200-8f44-4361-8c62-0698b840ab51,EC Overseas Trading LLC,Bharuch & Jamnagar (Chemicals & Energy),Mineral and Petrochemical Products,Englewood Cliffs,New Jersey,07632,288 Alfred Av,39-4208949,,not_crawled,,,,
f009c042-ddd0-4c41-8d31-66bf212b1e2b,GLOBEDECOR INTERNATIONAL,General Trade,Handicrafts,Torrance,California,90505,22620 OCEAN AVE  5,92-2177860,https://www.globedecor.com,failed,,,,
f0e6a308-40e2-4743-a41b-e8e657283e2c,Delaware,Bharuch & Jamnagar (Chemicals & Energy),Chemicals or Allied Products,Ferndale,Washington,98248,Rhizophyll Corporation,,https://www.rhizophyll.com,success,admin@rhizophyll.com,"17809616248, 8002891561, 8008796144","Precision-delivered nutrients in plant-preferred form — less waste, stronger yields, better ROI at e","Rhizophyll's proprietary technology puts the right nutrients exactly where your plant needs them, from root uptake to leaf tissue. Three targeted formulas. One smarter approach to fertility, engineere"
f196916b-d037-496d-9eae-7d25bd8441c6,BRJU ImpEx LLC,All-India (Agri & Food Processing),Food Products,Westmont,Illinois,60559,129 Prairie Dr,61-2157862,https://www.brjuimpex.com,success,,,,
f3afd0ca-d355-4a77-aef9-5c6c553689b2,Pantry Buddies,All-India (Agri & Food Processing),Food Products,Hillsboro,Oregon,97123,Kayal Venture LLC,99-3826833,,not_crawled,,,,
f3fd03b0-e7e2-4e90-bc6b-5600f3a58b6f,Bharat Connects LLC,General Trade,Others (Services),Raleigh,North Carolina,27609,"4030 Wake Forest Rd, Ste 349",42-3206666,https://mybharatconnect.com,failed,,,,
f52064fb-5eb8-4a60-b3f4-0cfe168717a1,Karos LLC,General Trade,Wholesale Trade Services,Sheridan,Wyoming,82801,"30 N Gould St, STE R",92-1460698,https://www.karosllc.com/,failed,,,,
f6f22598-64eb-4261-b332-c90cda5278d9,HUDSON IMPERIAL TRADING LLC,General Trade,General Trading,Princeton,New Jersey,09540,"300 CARNEGIE CTR , SUITE 150",93-3304309,https://www.hudsonimperial.com,failed,,,,
f70292d3-0cdb-45a3-9e6e-7dcc7997aace,SWADESHI CENTRAL TX LLC,All-India (Agri & Food Processing),Food Products,Georgetown,Texas,78628,108 BATTLESHIP DR,99-1988429,https://swadeshicentraltx.com,success,,,Swadeshi Central TX,
f80907a8-7c70-48f5-ba63-857584bedbbe,YV CREATIVE WORKS LLC,Tiruppur & Surat (Textiles & Apparel),Textile & Apparel Products,New Castle,Delaware,19720,322 ELIZABETH SWEETBRIAR LN,33-2589895,https://yvcreativeworks.com/,failed,,,,
fa3322c1-1e7d-4413-ad29-97fab6e4e0bc,"Neman Brothers & Assoc., Inc.",Tiruppur & Surat (Textiles & Apparel),Textile & Apparel Products,Los Angeles,California,90015,1525 S Broadway,95-3800795,https://www.neman.com,success,info@neman.com,"(213) 765-0220, (213) 765-0100",Neman Brothers & Associates,
facb6224-785a-45f1-a58a-fd9698905294,GLOBETROTTER LLC,General Trade,Tourism and Hospitality Services,Redmond,Washington,98052,19125 NE 65th way,84-3361851,https://www.globetrottertrip.com,success,"monica@globetrottertrip.com, hello@globetrottertrip.com","5714285714, +14252005624, 6084155282",Home - Globetrotter,Your one-stop-shop for all things travel & cruises - globally!
fb76a61a-dee6-46c0-b1e8-049d1b32cd62,EASEMED LLC,Ahmedabad (Pharma & Medical),Medical or Surgical Instruments,Ashburn,Virginia,43419,43419 Stonewood Crossing Ter,99-2476073,https://www.nozecalm.com,success,info@nozecalm.com,"7515084517, 3917045176, 4819179385","NozeCalm™ Advanced Nosebleed Stopper – Safe, Fast, and Reliable","The ultimate nosebleed solution. NozeCalm™ plugs are safe for kids & adults, hypoallergenic, and feature a powerful clotting agent for fast, reliable care."
fcbc6a1a-c8e6-4199-b346-8793571c24fe,Zenmed Solutions Inc,Ahmedabad (Pharma & Medical),"Healthcare Services including services by nurses, physiotherapist and paramedical personnel",Pomona,California,91766,29 Sage Canyon Rd,,https://zenmedinc.com/,success,"Info@ZenMedInc.com, info@zenMedinc.com, Info@Zenmedinc.com","8443070806, 844-307-0806, 2518398226","ZenMed | Medical Coding, Medical Billing, and Revenue Cycle Management | MIPS, MACRA and OIG Complia","Know how ZenMed leverages Certified Specialty-specific Coders and Clinical Documentation Improvement Specialists to enhance your Revenue Cycle, while complying with MIPS, MACRA, and OIG"
